SUBSCRIPTION_ID;PACKAGE_ID;TIME_STAMP;ACCOUNT_ID;STATUS;START_DATE;END_DATE
19139421497;p-svmobi-beautytips-c-01;05/05/2022 04:51:10;42556817;INACTIVE;25/04/2022 09:12:59;05/05/2022 04:51:10
19139421930;p-svmobi-beautytips-c-01;29/04/2022 08:50:21;19155127;INACTIVE;25/04/2022 09:18:26;29/04/2022 08:50:21
19139302543;p-svmobi-beautytips-c-01;18/05/2022 14:08:25;3886361;INACTIVE;25/04/2022 04:18:48;18/05/2022 14:08:25
19139302544;p-svmobi-beautytips-c-01;25/04/2022 09:20:05;405494;INACTIVE;25/04/2022 04:18:52;25/04/2022 09:20:05
19139302792;p-svmobi-beautytips-c-01;25/04/2022 04:24:59;16835911;INACTIVE;25/04/2022 04:20:53;25/04/2022 04:24:59
19133106624;p-svmobi-beautytips-c-01;08/04/2022 11:17:23;57671636;INACTIVE;07/04/2022 13:35:50;08/04/2022 11:17:23
19139137680;p-svmobi-beautytips-c-01;04/05/2022 20:48:33;49940995;INACTIVE;24/04/2022 14:51:46;05/05/2022 23:59:59
19139138860;p-svmobi-beautytips-c-01;30/04/2022 10:50:25;44209558;INACTIVE;24/04/2022 15:07:56;30/04/2022 10:50:25
19139137397;p-svmobi-beautytips-c-01;04/05/2022 20:48:33;11254206;INACTIVE;24/04/2022 14:47:56;25/04/2022 23:59:59
19139137409;p-svmobi-beautytips-c-01;25/04/2022 10:03:48;44990934;INACTIVE;24/04/2022 14:48:02;25/04/2022 10:03:48
19139137513;p-svmobi-beautytips-c-01;04/05/2022 20:48:33;28013244;INACTIVE;24/04/2022 14:49:24;05/05/2022 23:59:59
19139137753;p-svmobi-beautytips-c-01;04/05/2022 20:48:33;23520834;INACTIVE;24/04/2022 14:52:43;04/05/2022 23:59:59
19139137763;p-svmobi-beautytips-c-01;04/05/2022 20:48:33;13593170;INACTIVE;24/04/2022 14:52:48;28/04/2022 23:59:59
19139137892;p-svmobi-beautytips-c-01;04/05/2022 20:48:34;5862056;INACTIVE;24/04/2022 14:54:49;01/05/2022 23:59:59
19139212386;p-svmobi-beautytips-c-01;04/05/2022 20:48:34;6376880;INACTIVE;24/04/2022 14:50:04;04/05/2022 23:59:59
19139212737;p-svmobi-beautytips-c-01;04/05/2022 20:48:34;16297872;INACTIVE;24/04/2022 14:56:20;05/05/2022 23:59:59
19139212372;p-svmobi-beautytips-c-01;04/05/2022 20:48:34;57874413;INACTIVE;24/04/2022 14:49:45;25/04/2022 23:59:59
19147655247;p-svmobi-beautytips-c-01;17/05/2022 18:26:54;16263139;INACTIVE;17/05/2022 12:06:22;18/05/2022 23:59:59
19147665794;p-svmobi-beautytips-c-01;17/05/2022 18:26:55;58052882;INACTIVE;17/05/2022 14:01:03;18/05/2022 23:59:59
19147657412;p-svmobi-beautytips-c-01;17/05/2022 18:26:54;40849877;INACTIVE;17/05/2022 12:26:52;18/05/2022 23:59:59
19147664923;p-svmobi-beautytips-c-01;17/05/2022 18:26:55;6250225;INACTIVE;17/05/2022 13:50:10;18/05/2022 23:59:59
19147663361;p-svmobi-beautytips-c-01;17/05/2022 18:26:55;20384569;INACTIVE;17/05/2022 13:35:56;18/05/2022 23:59:59
19147662662;p-svmobi-beautytips-c-01;17/05/2022 18:26:55;31068923;INACTIVE;17/05/2022 13:31:13;18/05/2022 23:59:59
19147657864;p-svmobi-beautytips-c-01;17/05/2022 18:26:54;57794118;INACTIVE;17/05/2022 12:35:35;18/05/2022 23:59:59
19147666849;p-svmobi-beautytips-c-01;17/05/2022 18:26:55;41130699;INACTIVE;17/05/2022 14:15:09;18/05/2022 23:59:59
19147667171;p-svmobi-beautytips-c-01;17/05/2022 14:19:10;48965649;INACTIVE;17/05/2022 14:18:10;17/05/2022 14:19:10
19147656104;p-svmobi-beautytips-c-01;17/05/2022 18:26:54;48625459;INACTIVE;17/05/2022 12:16:08;18/05/2022 23:59:59
19147656146;p-svmobi-beautytips-c-01;17/05/2022 18:26:54;17487437;INACTIVE;17/05/2022 12:16:32;18/05/2022 23:59:59
19147668364;p-svmobi-beautytips-c-01;17/05/2022 18:26:56;34362271;INACTIVE;17/05/2022 14:31:20;18/05/2022 23:59:59
19147667516;p-svmobi-beautytips-c-01;17/05/2022 18:26:55;23637537;INACTIVE;17/05/2022 14:21:38;18/05/2022 23:59:59
19147663334;p-svmobi-beautytips-c-01;17/05/2022 18:26:55;45837600;INACTIVE;17/05/2022 13:35:47;18/05/2022 23:59:59
19147656237;p-svmobi-beautytips-c-01;17/05/2022 18:26:54;8799995;INACTIVE;17/05/2022 12:17:34;18/05/2022 23:59:59
19147662702;p-svmobi-beautytips-c-01;17/05/2022 18:26:55;8266648;INACTIVE;17/05/2022 13:31:25;18/05/2022 23:59:59
19147667881;p-svmobi-beautytips-c-01;17/05/2022 18:26:56;8749129;INACTIVE;17/05/2022 14:26:43;18/05/2022 23:59:59
19147661692;p-svmobi-beautytips-c-01;17/05/2022 18:26:55;15518461;INACTIVE;17/05/2022 13:26:25;18/05/2022 23:59:59
14068603646;p-svmobi-beautytips-c-01;05/05/2022 01:34:43;11345419;INACTIVE;09/12/2020 20:21:59;03/04/2022 23:59:59
15135060077;p-svmobi-beautytips-c-01;22/04/2022 02:09:28;55806598;INACTIVE;27/03/2021 19:16:12;21/03/2022 23:59:59
15162097739;p-svmobi-beautytips-c-01;14/05/2022 02:05:32;46313268;INACTIVE;29/03/2021 23:51:06;12/04/2022 23:59:59
15169163481;p-svmobi-beautytips-c-01;17/04/2022 01:52:38;23189590;INACTIVE;30/03/2021 14:01:24;16/03/2022 23:59:59
19139424973;p-svmobi-beautytips-c-01;03/05/2022 07:28:20;20307809;INACTIVE;25/04/2022 09:46:50;03/05/2022 07:28:20
19139137799;p-svmobi-beautytips-c-01;04/05/2022 20:48:33;41248713;INACTIVE;24/04/2022 14:53:22;01/05/2022 23:59:59
19139137750;p-svmobi-beautytips-c-01;24/04/2022 22:23:22;2933025;INACTIVE;24/04/2022 14:52:41;24/04/2022 22:23:22
19139137797;p-svmobi-beautytips-c-01;04/05/2022 20:48:33;37099668;INACTIVE;24/04/2022 14:53:19;05/05/2022 23:59:59
15129563877;p-svmobi-beautytips-c-01;27/03/2022 19:37:59;11480250;INACTIVE;27/03/2021 11:22:41;27/03/2022 19:37:59
19147666320;p-svmobi-beautytips-c-01;17/05/2022 14:07:43;40326367;INACTIVE;17/05/2022 14:06:19;17/05/2022 14:07:43
19147661090;p-svmobi-beautytips-c-01;17/05/2022 18:26:55;39766605;INACTIVE;17/05/2022 13:16:00;18/05/2022 23:59:59
19147659522;p-svmobi-beautytips-c-01;17/05/2022 18:26:55;37599000;INACTIVE;17/05/2022 12:50:58;18/05/2022 23:59:59
19147659551;p-svmobi-beautytips-c-01;17/05/2022 18:26:55;53444483;INACTIVE;17/05/2022 12:51:22;18/05/2022 23:59:59
19147664199;p-svmobi-beautytips-c-01;17/05/2022 18:26:55;1205000;INACTIVE;17/05/2022 13:40:54;18/05/2022 23:59:59
19147666549;p-svmobi-beautytips-c-01;17/05/2022 18:26:55;1709532;INACTIVE;17/05/2022 14:10:56;18/05/2022 23:59:59
19147656354;p-svmobi-beautytips-c-01;17/05/2022 18:26:54;24964059;INACTIVE;17/05/2022 12:18:16;18/05/2022 23:59:59
19147660224;p-svmobi-beautytips-c-01;17/05/2022 18:26:55;34452013;INACTIVE;17/05/2022 13:05:17;18/05/2022 23:59:59
15154733692;p-svmobi-beautytips-c-01;16/05/2022 02:11:50;17642748;INACTIVE;29/03/2021 11:34:33;14/04/2022 23:59:59
19147657986;p-svmobi-beautytips-c-01;17/05/2022 18:26:54;41629843;INACTIVE;17/05/2022 12:38:19;18/05/2022 23:59:59
19147660930;p-svmobi-beautytips-c-01;17/05/2022 18:26:55;7288874;INACTIVE;17/05/2022 13:12:54;18/05/2022 23:59:59
19147664754;p-svmobi-beautytips-c-01;17/05/2022 18:26:55;44308781;INACTIVE;17/05/2022 13:47:28;18/05/2022 23:59:59
19147661465;p-svmobi-beautytips-c-01;17/05/2022 18:26:55;6031373;INACTIVE;17/05/2022 13:22:18;18/05/2022 23:59:59
19147667836;p-svmobi-beautytips-c-01;17/05/2022 18:26:56;57728430;INACTIVE;17/05/2022 14:26:04;18/05/2022 23:59:59
15128002948;p-svmobi-beautytips-c-01;10/04/2022 02:21:19;20940172;INACTIVE;27/03/2021 09:16:04;09/03/2022 23:59:59
19139354963;p-svmobi-beautytips-c-01;25/04/2022 08:10:36;13144819;INACTIVE;25/04/2022 08:06:57;25/04/2022 08:10:36
19139362658;p-svmobi-beautytips-c-01;25/04/2022 09:21:30;18855245;INACTIVE;25/04/2022 09:14:32;25/04/2022 09:21:30
19147726358;p-svmobi-beautytips-c-01;17/05/2022 18:26:56;2710268;INACTIVE;17/05/2022 11:55:34;18/05/2022 23:59:59
19147726426;p-svmobi-beautytips-c-01;17/05/2022 18:26:56;35366099;INACTIVE;17/05/2022 11:56:09;18/05/2022 23:59:59
19147743970;p-svmobi-beautytips-c-01;17/05/2022 18:26:58;6548645;INACTIVE;17/05/2022 13:46:40;18/05/2022 23:59:59
19147739147;p-svmobi-beautytips-c-01;17/05/2022 18:26:57;10235145;INACTIVE;17/05/2022 12:57:07;18/05/2022 23:59:59
19147746974;p-svmobi-beautytips-c-01;17/05/2022 18:26:58;28142665;INACTIVE;17/05/2022 14:20:32;18/05/2022 23:59:59
19147739017;p-svmobi-beautytips-c-01;17/05/2022 18:26:57;1361001;INACTIVE;17/05/2022 12:55:47;18/05/2022 23:59:59
19147742489;p-svmobi-beautytips-c-01;17/05/2022 18:26:58;54140235;INACTIVE;17/05/2022 13:32:42;18/05/2022 23:59:59
19147745253;p-svmobi-beautytips-c-01;17/05/2022 18:26:58;3806324;INACTIVE;17/05/2022 14:01:38;18/05/2022 23:59:59
19147735848;p-svmobi-beautytips-c-01;17/05/2022 18:26:57;16492802;INACTIVE;17/05/2022 12:37:50;18/05/2022 23:59:59
19147733638;p-svmobi-beautytips-c-01;17/05/2022 18:26:57;28139362;INACTIVE;17/05/2022 12:22:59;18/05/2022 23:59:59
19147734212;p-svmobi-beautytips-c-01;17/05/2022 18:26:57;3359486;INACTIVE;17/05/2022 12:26:17;18/05/2022 23:59:59
19147742194;p-svmobi-beautytips-c-01;17/05/2022 13:34:21;13422638;INACTIVE;17/05/2022 13:30:36;17/05/2022 13:34:21
19147745742;p-svmobi-beautytips-c-01;17/05/2022 18:26:58;5092500;INACTIVE;17/05/2022 14:07:31;18/05/2022 23:59:59
19147745957;p-svmobi-beautytips-c-01;17/05/2022 18:26:58;22744371;INACTIVE;17/05/2022 14:11:26;18/05/2022 23:59:59
19147735356;p-svmobi-beautytips-c-01;17/05/2022 18:26:57;40572609;INACTIVE;17/05/2022 12:34:40;18/05/2022 23:59:59
19147738702;p-svmobi-beautytips-c-01;17/05/2022 18:26:57;40887535;INACTIVE;17/05/2022 12:51:48;18/05/2022 23:59:59
19147737300;p-svmobi-beautytips-c-01;17/05/2022 18:26:57;58030736;INACTIVE;17/05/2022 12:41:50;18/05/2022 23:59:59
19147734347;p-svmobi-beautytips-c-01;17/05/2022 18:26:57;10665039;INACTIVE;17/05/2022 12:27:16;18/05/2022 23:59:59
19147745993;p-svmobi-beautytips-c-01;17/05/2022 18:26:58;39845924;INACTIVE;17/05/2022 14:11:39;18/05/2022 23:59:59
19139342771;p-svmobi-beautytips-c-01;26/04/2022 05:03:15;2568402;INACTIVE;25/04/2022 04:23:56;26/04/2022 05:03:15
19147734340;p-svmobi-beautytips-c-01;17/05/2022 12:29:16;14355129;INACTIVE;17/05/2022 12:27:13;17/05/2022 12:29:16
19147745614;p-svmobi-beautytips-c-01;17/05/2022 15:33:30;11806621;INACTIVE;17/05/2022 14:05:35;17/05/2022 15:33:30
19147746599;p-svmobi-beautytips-c-01;17/05/2022 18:26:58;17451854;INACTIVE;17/05/2022 14:16:36;18/05/2022 23:59:59
19147734296;p-svmobi-beautytips-c-01;17/05/2022 18:26:57;58031443;INACTIVE;17/05/2022 12:26:55;18/05/2022 23:59:59
19147744469;p-svmobi-beautytips-c-01;17/05/2022 18:26:58;5989219;INACTIVE;17/05/2022 13:51:44;18/05/2022 23:59:59
19147739123;p-svmobi-beautytips-c-01;17/05/2022 18:26:57;19934261;INACTIVE;17/05/2022 12:56:50;18/05/2022 23:59:59
19147740583;p-svmobi-beautytips-c-01;17/05/2022 18:26:58;13448009;INACTIVE;17/05/2022 13:11:37;18/05/2022 23:59:59
19147740631;p-svmobi-beautytips-c-01;17/05/2022 18:26:58;40482933;INACTIVE;17/05/2022 13:12:15;18/05/2022 23:59:59
19147737290;p-svmobi-beautytips-c-01;17/05/2022 18:26:57;29411504;INACTIVE;17/05/2022 12:41:45;18/05/2022 23:59:59
19147744348;p-svmobi-beautytips-c-01;17/05/2022 18:26:58;1478417;INACTIVE;17/05/2022 13:50:46;18/05/2022 23:59:59
19147744380;p-svmobi-beautytips-c-01;17/05/2022 18:26:58;34379541;INACTIVE;17/05/2022 13:51:10;18/05/2022 23:59:59
19147730146;p-svmobi-beautytips-c-01;17/05/2022 18:26:56;7085205;INACTIVE;17/05/2022 12:11:31;18/05/2022 23:59:59
19147742784;p-svmobi-beautytips-c-01;17/05/2022 18:26:58;27981386;INACTIVE;17/05/2022 13:36:03;18/05/2022 23:59:59
19147724496;p-svmobi-beautytips-c-01;17/05/2022 15:35:48;10270063;INACTIVE;17/05/2022 11:44:24;17/05/2022 15:35:48
19147730147;p-svmobi-beautytips-c-01;17/05/2022 18:26:56;13632961;INACTIVE;17/05/2022 12:11:31;18/05/2022 23:59:59
19147740514;p-svmobi-beautytips-c-01;17/05/2022 18:26:57;22263093;INACTIVE;17/05/2022 13:10:53;18/05/2022 23:59:59
19147737637;p-svmobi-beautytips-c-01;17/05/2022 18:26:57;22079290;INACTIVE;17/05/2022 12:46:04;18/05/2022 23:59:59
19147747124;p-svmobi-beautytips-c-01;17/05/2022 18:26:58;57242861;INACTIVE;17/05/2022 14:21:47;18/05/2022 23:59:59
19147738655;p-svmobi-beautytips-c-01;17/05/2022 18:26:57;30591441;INACTIVE;17/05/2022 12:51:15;18/05/2022 23:59:59
19147733470;p-svmobi-beautytips-c-01;17/05/2022 12:45:37;14515800;INACTIVE;17/05/2022 12:21:48;17/05/2022 12:45:37
19147731096;p-svmobi-beautytips-c-01;17/05/2022 18:26:56;17759068;INACTIVE;17/05/2022 12:15:45;18/05/2022 23:59:59
19147724662;p-svmobi-beautytips-c-01;17/05/2022 18:26:56;18453800;INACTIVE;17/05/2022 11:45:35;18/05/2022 23:59:59
15138628679;p-svmobi-beautytips-c-01;09/05/2022 01:56:11;44808832;INACTIVE;28/03/2021 02:48:27;07/04/2022 23:59:59
19133510779;p-svmobi-beautytips-c-01;08/04/2022 11:23:18;57671636;INACTIVE;08/04/2022 11:23:01;08/04/2022 11:23:18
14068474097;p-svmobi-fitnesstips-c-01;04/05/2022 01:35:32;11345419;INACTIVE;09/12/2020 19:56:06;02/04/2022 23:59:59
15736606182;p-svmobi-fitnesstips-c-01;16/05/2022 19:47:32;30648849;INACTIVE;08/05/2021 18:30:33;16/05/2022 19:47:32
15090210287;p-svmobi-fitnesstips-c-01;22/04/2022 12:47:17;28840233;INACTIVE;24/03/2021 08:35:45;22/04/2022 12:47:17
15296866209;p-svmobi-fitnesstips-c-01;03/05/2022 01:39:44;40025715;INACTIVE;10/04/2021 20:58:52;01/04/2022 23:59:59
19142277990;p-svmobi-fitnesstips-c-01;02/05/2022 21:43:10;55814021;INACTIVE;02/05/2022 21:42:00;02/05/2022 21:43:10
14900447217;p-svmobi-fitnesstips-c-01;17/04/2022 01:50:27;14844988;INACTIVE;04/03/2021 19:07:10;16/03/2022 23:59:59
19139387109;p-svmobi-fitnesstips-c-01;16/05/2022 11:26:12;2885406;INACTIVE;25/04/2022 11:20:57;16/05/2022 11:26:12
19139442485;p-svmobi-fitnesstips-c-01;25/04/2022 12:02:21;49023496;INACTIVE;25/04/2022 11:15:53;25/04/2022 12:02:21
19139442497;p-svmobi-fitnesstips-c-01;25/04/2022 20:00:57;25013676;INACTIVE;25/04/2022 11:15:58;25/04/2022 20:00:57
19139453652;p-svmobi-fitnesstips-c-01;25/04/2022 12:48:27;30006827;INACTIVE;25/04/2022 12:46:50;25/04/2022 12:48:27
19139382629;p-svmobi-fitnesstips-c-01;25/04/2022 12:23:08;34793253;INACTIVE;25/04/2022 11:01:28;25/04/2022 12:23:08
15737236888;p-svmobi-fitnesstips-c-01;16/03/2022 09:54:32;20572990;INACTIVE;08/05/2021 19:06:31;16/03/2022 09:54:32
14339531595;p-svmobi-fitnesstips-c-01;22/05/2022 02:00:27;8982363;INACTIVE;05/01/2021 15:49:59;20/04/2022 23:59:59
15640045837;p-svmobi-fitnesstips-c-01;18/05/2022 20:00:16;41449922;INACTIVE;04/05/2021 22:48:49;18/05/2022 20:00:16
15731439688;p-svmobi-fitnesstips-c-01;30/04/2022 02:16:37;45298829;INACTIVE;08/05/2021 11:55:37;29/03/2022 23:59:59
19147655294;p-svmobi-fitnesstips-c-01;17/05/2022 18:26:54;33515599;INACTIVE;17/05/2022 12:06:51;18/05/2022 23:59:59
19147666364;p-svmobi-fitnesstips-c-01;17/05/2022 14:10:10;55466603;INACTIVE;17/05/2022 14:07:01;17/05/2022 14:10:10
13112301692;p-svmobi-fitnesstips-c-01;06/04/2022 13:40:48;1563284;INACTIVE;26/09/2020 08:45:47;06/04/2022 13:40:48
19147667017;p-svmobi-fitnesstips-c-01;17/05/2022 18:26:55;23383424;INACTIVE;17/05/2022 14:16:30;18/05/2022 23:59:59
19147667190;p-svmobi-fitnesstips-c-01;17/05/2022 18:26:55;8749129;INACTIVE;17/05/2022 14:18:21;18/05/2022 23:59:59
19147653637;p-svmobi-fitnesstips-c-01;17/05/2022 18:26:54;37311479;INACTIVE;17/05/2022 11:57:02;18/05/2022 23:59:59
19147655612;p-svmobi-fitnesstips-c-01;17/05/2022 18:26:54;44352770;INACTIVE;17/05/2022 12:10:33;18/05/2022 23:59:59
19147656176;p-svmobi-fitnesstips-c-01;17/05/2022 18:26:54;17022552;INACTIVE;17/05/2022 12:16:48;18/05/2022 23:59:59
19147659014;p-svmobi-fitnesstips-c-01;17/05/2022 18:26:55;2879814;INACTIVE;17/05/2022 12:45:58;18/05/2022 23:59:59
19147659814;p-svmobi-fitnesstips-c-01;17/05/2022 18:26:55;492307;INACTIVE;17/05/2022 12:56:27;18/05/2022 23:59:59
19147661105;p-svmobi-fitnesstips-c-01;17/05/2022 18:26:55;19934261;INACTIVE;17/05/2022 13:16:15;18/05/2022 23:59:59
19147664282;p-svmobi-fitnesstips-c-01;17/05/2022 18:26:55;52799703;INACTIVE;17/05/2022 13:41:54;18/05/2022 23:59:59
19147656115;p-svmobi-fitnesstips-c-01;17/05/2022 18:26:54;45773706;INACTIVE;17/05/2022 12:16:22;18/05/2022 23:59:59
19147665817;p-svmobi-fitnesstips-c-01;17/05/2022 18:26:55;53444483;INACTIVE;17/05/2022 14:01:22;18/05/2022 23:59:59
19147659624;p-svmobi-fitnesstips-c-01;17/05/2022 18:26:55;22079290;INACTIVE;17/05/2022 12:52:46;18/05/2022 23:59:59
19147659998;p-svmobi-fitnesstips-c-01;17/05/2022 18:26:55;842521;INACTIVE;17/05/2022 13:01:02;18/05/2022 23:59:59
19147664247;p-svmobi-fitnesstips-c-01;17/05/2022 18:26:55;27548915;INACTIVE;17/05/2022 13:41:23;18/05/2022 23:59:59
19147665818;p-svmobi-fitnesstips-c-01;17/05/2022 18:26:55;29474347;INACTIVE;17/05/2022 14:01:22;18/05/2022 23:59:59
19147659846;p-svmobi-fitnesstips-c-01;17/05/2022 18:26:55;17487437;INACTIVE;17/05/2022 12:57:08;18/05/2022 23:59:59
19147666250;p-svmobi-fitnesstips-c-01;17/05/2022 18:26:55;4706569;INACTIVE;17/05/2022 14:04:36;18/05/2022 23:59:59
19147666368;p-svmobi-fitnesstips-c-01;17/05/2022 18:26:55;49513390;INACTIVE;17/05/2022 14:07:03;18/05/2022 23:59:59
19147652462;p-svmobi-fitnesstips-c-01;17/05/2022 18:26:54;47386089;INACTIVE;17/05/2022 11:48:27;18/05/2022 23:59:59
19147667064;p-svmobi-fitnesstips-c-01;17/05/2022 18:26:55;42412380;INACTIVE;17/05/2022 14:16:58;18/05/2022 23:59:59
19147654290;p-svmobi-fitnesstips-c-01;17/05/2022 18:26:54;996392;INACTIVE;17/05/2022 12:01:54;18/05/2022 23:59:59
14810991417;p-svmobi-fitnesstips-c-01;04/05/2022 01:35:50;39674547;INACTIVE;23/02/2021 10:25:41;02/04/2022 23:59:59
19147667474;p-svmobi-fitnesstips-c-01;17/05/2022 18:26:55;4517592;INACTIVE;17/05/2022 14:20:59;18/05/2022 23:59:59
14948368431;p-svmobi-fitnesstips-c-01;22/04/2022 01:55:03;27579138;INACTIVE;09/03/2021 19:12:22;21/03/2022 23:59:59
19145562055;p-svmobi-fitnesstips-c-01;11/05/2022 08:38:25;12263684;INACTIVE;11/05/2022 08:37:08;11/05/2022 08:38:25
19145562396;p-svmobi-fitnesstips-c-01;11/05/2022 13:31:41;47337431;INACTIVE;11/05/2022 08:42:58;11/05/2022 13:31:41
14332597005;p-svmobi-fitnesstips-c-01;05/05/2022 01:31:28;48046732;INACTIVE;04/01/2021 21:08:57;03/04/2022 23:59:59
14307430401;p-svmobi-fitnesstips-c-01;17/05/2022 02:02:01;33208712;INACTIVE;02/01/2021 11:05:31;15/04/2022 23:59:59
14976922820;p-svmobi-fitnesstips-c-01;02/04/2022 12:27:45;42193357;INACTIVE;13/03/2021 00:49:25;02/04/2022 12:27:45
14381869797;p-svmobi-fitnesstips-c-01;18/04/2022 02:25:54;18133180;INACTIVE;09/01/2021 19:16:17;17/03/2022 23:59:59
15569669219;p-svmobi-fitnesstips-c-01;04/05/2022 12:53:18;41918768;INACTIVE;01/05/2021 19:35:54;04/05/2022 12:53:18
15753474835;p-svmobi-fitnesstips-c-01;11/05/2022 02:04:20;22175974;INACTIVE;09/05/2021 22:59:18;09/04/2022 23:59:59
19139366656;p-svmobi-fitnesstips-c-01;11/05/2022 15:16:52;38147715;INACTIVE;25/04/2022 09:56:31;11/05/2022 15:16:52
19139367036;p-svmobi-fitnesstips-c-01;04/05/2022 16:30:26;48625459;INACTIVE;25/04/2022 10:02:18;04/05/2022 16:30:26
19139366975;p-svmobi-fitnesstips-c-01;11/05/2022 03:16:26;16499635;INACTIVE;25/04/2022 10:01:15;11/05/2022 03:16:26
19139367598;p-svmobi-fitnesstips-c-01;25/04/2022 10:43:55;48522224;INACTIVE;25/04/2022 10:11:37;25/04/2022 10:43:55
19139374252;p-svmobi-fitnesstips-c-01;25/04/2022 10:38:54;42537923;INACTIVE;25/04/2022 10:37:09;25/04/2022 10:38:54
19139372655;p-svmobi-fitnesstips-c-01;28/04/2022 11:25:06;37339681;INACTIVE;25/04/2022 10:31:15;28/04/2022 11:25:06
19139367069;p-svmobi-fitnesstips-c-01;25/04/2022 10:04:20;11150160;INACTIVE;25/04/2022 10:02:55;25/04/2022 10:04:20
19139397611;p-svmobi-fitnesstips-c-01;05/05/2022 14:12:50;34668204;INACTIVE;25/04/2022 12:36:54;05/05/2022 14:12:50
19136715212;p-svmobi-fitnesstips-c-01;19/05/2022 04:27:04;52262817;INACTIVE;16/04/2022 22:21:49;17/04/2022 23:59:59
19139394026;p-svmobi-fitnesstips-c-01;02/05/2022 19:41:57;10385421;INACTIVE;25/04/2022 12:00:40;02/05/2022 19:41:57
19147735087;p-svmobi-fitnesstips-c-01;17/05/2022 13:07:03;3180910;INACTIVE;17/05/2022 12:32:31;17/05/2022 13:07:03
19147744775;p-svmobi-fitnesstips-c-01;17/05/2022 18:26:58;39091044;INACTIVE;17/05/2022 13:56:16;18/05/2022 23:59:59
19147744809;p-svmobi-fitnesstips-c-01;17/05/2022 18:26:58;50228928;INACTIVE;17/05/2022 13:56:43;18/05/2022 23:59:59
19147744811;p-svmobi-fitnesstips-c-01;17/05/2022 18:26:58;38609683;INACTIVE;17/05/2022 13:56:44;18/05/2022 23:59:59
19147744011;p-svmobi-fitnesstips-c-01;17/05/2022 13:50:02;3822856;INACTIVE;17/05/2022 13:47:04;17/05/2022 13:50:02
19147744245;p-svmobi-fitnesstips-c-01;17/05/2022 18:26:58;44658222;INACTIVE;17/05/2022 13:49:29;18/05/2022 23:59:59
19147737640;p-svmobi-fitnesstips-c-01;17/05/2022 18:26:57;2233366;INACTIVE;17/05/2022 12:46:06;18/05/2022 23:59:59
19147739156;p-svmobi-fitnesstips-c-01;17/05/2022 18:26:57;47770274;INACTIVE;17/05/2022 12:57:17;18/05/2022 23:59:59
19147747122;p-svmobi-fitnesstips-c-01;17/05/2022 18:26:58;47783850;INACTIVE;17/05/2022 14:21:46;18/05/2022 23:59:59
19136759752;p-svmobi-fitnesstips-c-01;20/05/2022 04:09:11;47787866;INACTIVE;17/04/2022 08:26:46;18/04/2022 23:59:59
19147738713;p-svmobi-fitnesstips-c-01;17/05/2022 13:06:28;32715238;INACTIVE;17/05/2022 12:51:53;17/05/2022 13:06:28
19147745908;p-svmobi-fitnesstips-c-01;17/05/2022 18:26:58;58132262;INACTIVE;17/05/2022 14:10:39;18/05/2022 23:59:59
19147724875;p-svmobi-fitnesstips-c-01;17/05/2022 18:26:56;24886081;INACTIVE;17/05/2022 11:46:43;18/05/2022 23:59:59
19147742444;p-svmobi-fitnesstips-c-01;17/05/2022 18:26:58;30838125;INACTIVE;17/05/2022 13:32:18;18/05/2022 23:59:59
19147744849;p-svmobi-fitnesstips-c-01;17/05/2022 18:26:58;1585600;INACTIVE;17/05/2022 13:57:19;18/05/2022 23:59:59
19147734213;p-svmobi-fitnesstips-c-01;17/05/2022 18:26:57;45264288;INACTIVE;17/05/2022 12:26:17;18/05/2022 23:59:59
19147747115;p-svmobi-fitnesstips-c-01;17/05/2022 18:26:58;21523507;INACTIVE;17/05/2022 14:21:42;18/05/2022 23:59:59
19147733579;p-svmobi-fitnesstips-c-01;17/05/2022 12:23:36;42704329;INACTIVE;17/05/2022 12:22:26;17/05/2022 12:23:36
19147730140;p-svmobi-fitnesstips-c-01;17/05/2022 18:26:56;18431493;INACTIVE;17/05/2022 12:11:30;18/05/2022 23:59:59
19147733624;p-svmobi-fitnesstips-c-01;17/05/2022 18:26:57;762428;INACTIVE;17/05/2022 12:22:54;18/05/2022 23:59:59
19147742443;p-svmobi-fitnesstips-c-01;17/05/2022 18:26:58;46155692;INACTIVE;17/05/2022 13:32:18;18/05/2022 23:59:59
19147727414;p-svmobi-fitnesstips-c-01;17/05/2022 12:19:08;902133;INACTIVE;17/05/2022 12:01:47;17/05/2022 12:19:08
19147739085;p-svmobi-fitnesstips-c-01;17/05/2022 13:00:16;23340567;INACTIVE;17/05/2022 12:56:20;17/05/2022 13:00:16
19147725756;p-svmobi-fitnesstips-c-01;17/05/2022 18:26:56;17698002;INACTIVE;17/05/2022 11:50:53;18/05/2022 23:59:59
19147738734;p-svmobi-fitnesstips-c-01;17/05/2022 18:26:57;18243194;INACTIVE;17/05/2022 12:52:05;18/05/2022 23:59:59
19147746037;p-svmobi-fitnesstips-c-01;17/05/2022 18:26:58;14598925;INACTIVE;17/05/2022 14:12:33;18/05/2022 23:59:59
19147731244;p-svmobi-fitnesstips-c-01;17/05/2022 18:26:57;55919813;INACTIVE;17/05/2022 12:16:54;18/05/2022 23:59:59
19147731402;p-svmobi-fitnesstips-c-01;17/05/2022 18:26:57;886877;INACTIVE;17/05/2022 12:18:04;18/05/2022 23:59:59
19147741216;p-svmobi-fitnesstips-c-01;17/05/2022 18:26:58;32820897;INACTIVE;17/05/2022 13:21:39;18/05/2022 23:59:59
19147746002;p-svmobi-fitnesstips-c-01;17/05/2022 18:26:58;37247654;INACTIVE;17/05/2022 14:11:45;18/05/2022 23:59:59
19147726381;p-svmobi-fitnesstips-c-01;17/05/2022 18:26:56;27261056;INACTIVE;17/05/2022 11:55:45;18/05/2022 23:59:59
19147745682;p-svmobi-fitnesstips-c-01;17/05/2022 18:26:58;11130839;INACTIVE;17/05/2022 14:06:43;18/05/2022 23:59:59
19147726529;p-svmobi-fitnesstips-c-01;17/05/2022 11:59:43;28571403;INACTIVE;17/05/2022 11:56:40;17/05/2022 11:59:43
19147731308;p-svmobi-fitnesstips-c-01;17/05/2022 18:26:57;37765023;INACTIVE;17/05/2022 12:17:15;18/05/2022 23:59:59
19147731393;p-svmobi-fitnesstips-c-01;17/05/2022 18:26:57;44686766;INACTIVE;17/05/2022 12:18:01;18/05/2022 23:59:59
19147739441;p-svmobi-fitnesstips-c-01;17/05/2022 18:26:57;655757;INACTIVE;17/05/2022 13:00:52;18/05/2022 23:59:59
19147741430;p-svmobi-fitnesstips-c-01;17/05/2022 18:26:58;34262521;INACTIVE;17/05/2022 13:25:30;18/05/2022 23:59:59
19147737664;p-svmobi-fitnesstips-c-01;17/05/2022 18:26:57;3940229;INACTIVE;17/05/2022 12:46:20;18/05/2022 23:59:59
19145627103;p-svmobi-fitnesstips-c-01;11/05/2022 19:13:42;32875643;INACTIVE;11/05/2022 08:41:48;11/05/2022 19:13:42
15112535644;p-svmobi-fitnesstips-c-01;16/05/2022 02:11:29;19237815;INACTIVE;25/03/2021 23:49:01;14/04/2022 23:59:59
19139397156;p-svmobi-fitnesstips-c-01;25/04/2022 12:44:21;1665657;INACTIVE;25/04/2022 12:32:24;25/04/2022 12:44:21
14465936588;p-svmobi-fitnesstips-c-01;03/05/2022 01:38:51;23760364;INACTIVE;18/01/2021 10:57:45;01/04/2022 23:59:59
19139372732;p-svmobi-fitnesstips-c-01;25/04/2022 10:34:38;41577112;INACTIVE;25/04/2022 10:31:52;25/04/2022 10:34:38
19139398172;p-svmobi-fitnesstips-c-01;25/04/2022 12:43:52;57933981;INACTIVE;25/04/2022 12:42:05;25/04/2022 12:43:52
12084533816;p-svmobi-gamebar-c-01;18/05/2022 01:55:12;38606412;INACTIVE;28/07/2020 14:45:47;16/04/2022 23:59:59
19139456752;p-svmobi-gamebar-c-01;29/04/2022 19:13:47;15677785;INACTIVE;25/04/2022 13:21:58;29/04/2022 19:13:47
15274378112;p-svmobi-gamebar-c-01;16/03/2022 11:41:46;41654132;INACTIVE;08/04/2021 15:29:01;16/03/2022 11:41:46
19139451274;p-svmobi-gamebar-c-01;25/04/2022 12:33:28;42901246;INACTIVE;25/04/2022 12:17:42;25/04/2022 12:33:28
19137985911;p-svmobi-gamebar-c-01;27/04/2022 14:12:53;47800638;INACTIVE;21/04/2022 04:17:54;27/04/2022 14:12:53
19137996244;p-svmobi-gamebar-c-01;25/04/2022 06:39:37;2707692;INACTIVE;21/04/2022 07:56:16;25/04/2022 06:39:37
19139355698;p-svmobi-gamebar-c-01;26/04/2022 11:39:29;20951907;INACTIVE;25/04/2022 08:16:32;26/04/2022 11:39:29
19137793002;p-svmobi-gamebar-c-01;23/05/2022 05:05:07;22982847;INACTIVE;20/04/2022 14:51:22;21/04/2022 23:59:59
19137995442;p-svmobi-gamebar-c-01;03/05/2022 14:30:46;16384640;INACTIVE;21/04/2022 07:45:36;03/05/2022 14:30:46
19139414000;p-svmobi-beautytips-c-01;25/04/2022 09:08:21;6239920;INACTIVE;25/04/2022 07:59:53;25/04/2022 09:08:21
19139413904;p-svmobi-beautytips-c-01;25/04/2022 07:58:10;5357999;INACTIVE;25/04/2022 07:57:16;25/04/2022 07:58:10
19139302768;p-svmobi-beautytips-c-01;25/04/2022 08:13:39;46674750;INACTIVE;25/04/2022 04:20:26;25/04/2022 08:13:39
19139137525;p-svmobi-beautytips-c-01;04/05/2022 20:48:33;48763081;INACTIVE;24/04/2022 14:49:42;03/05/2022 23:59:59
19139137567;p-svmobi-beautytips-c-01;24/04/2022 20:26:58;14697400;INACTIVE;24/04/2022 14:50:20;24/04/2022 20:26:58
19139137619;p-svmobi-beautytips-c-01;04/05/2022 20:48:33;4970209;INACTIVE;24/04/2022 14:50:59;25/04/2022 23:59:59
19139137631;p-svmobi-beautytips-c-01;26/04/2022 06:12:57;10938606;INACTIVE;24/04/2022 14:51:16;26/04/2022 06:12:57
19139137703;p-svmobi-beautytips-c-01;26/04/2022 12:01:23;43282067;INACTIVE;24/04/2022 14:52:04;26/04/2022 12:01:23
19139137713;p-svmobi-beautytips-c-01;04/05/2022 20:48:33;37664481;INACTIVE;24/04/2022 14:52:13;05/05/2022 23:59:59
19139137617;p-svmobi-beautytips-c-01;04/05/2022 20:48:33;4627454;INACTIVE;24/04/2022 14:50:58;03/05/2022 23:59:59
19139212342;p-svmobi-beautytips-c-01;04/05/2022 20:48:34;294280;INACTIVE;24/04/2022 14:49:11;05/05/2022 23:59:59
19139137636;p-svmobi-beautytips-c-01;04/05/2022 20:48:33;21944423;INACTIVE;24/04/2022 14:51:23;04/05/2022 23:59:59
19147662593;p-svmobi-beautytips-c-01;17/05/2022 18:26:55;30838125;INACTIVE;17/05/2022 13:30:54;18/05/2022 23:59:59
19147653991;p-svmobi-beautytips-c-01;17/05/2022 18:26:54;18431493;INACTIVE;17/05/2022 12:01:18;18/05/2022 23:59:59
19147652953;p-svmobi-beautytips-c-01;17/05/2022 18:26:54;3547510;INACTIVE;17/05/2022 11:50:51;18/05/2022 23:59:59
19147659046;p-svmobi-beautytips-c-01;17/05/2022 18:26:55;774645;INACTIVE;17/05/2022 12:46:50;18/05/2022 23:59:59
19147659052;p-svmobi-beautytips-c-01;17/05/2022 18:26:55;57905308;INACTIVE;17/05/2022 12:47:00;18/05/2022 23:59:59
19147665541;p-svmobi-beautytips-c-01;17/05/2022 18:26:55;37247654;INACTIVE;17/05/2022 13:56:53;18/05/2022 23:59:59
19147665547;p-svmobi-beautytips-c-01;17/05/2022 18:26:55;22285350;INACTIVE;17/05/2022 13:56:56;18/05/2022 23:59:59
19147663190;p-svmobi-beautytips-c-01;17/05/2022 18:26:55;28103792;INACTIVE;17/05/2022 13:34:39;18/05/2022 23:59:59
19147657898;p-svmobi-beautytips-c-01;17/05/2022 18:26:54;19721202;INACTIVE;17/05/2022 12:35:50;18/05/2022 23:59:59
19147653958;p-svmobi-beautytips-c-01;17/05/2022 18:26:54;665647;INACTIVE;17/05/2022 12:00:51;18/05/2022 23:59:59
19147653632;p-svmobi-beautytips-c-01;17/05/2022 13:21:07;45390507;INACTIVE;17/05/2022 11:56:58;17/05/2022 13:21:07
19133229360;p-svmobi-beautytips-c-01;11/04/2022 13:23:38;11480947;INACTIVE;07/04/2022 15:51:24;11/04/2022 13:23:38
19139421837;p-svmobi-beautytips-c-01;29/04/2022 21:17:01;37399695;INACTIVE;25/04/2022 09:16:52;29/04/2022 21:17:01
19139303362;p-svmobi-beautytips-c-01;04/05/2022 09:11:37;31196456;INACTIVE;25/04/2022 04:35:38;04/05/2022 09:11:37
19139302899;p-svmobi-beautytips-c-01;28/04/2022 21:05:41;36744364;INACTIVE;25/04/2022 04:22:31;28/04/2022 21:05:41
19139303801;p-svmobi-beautytips-c-01;25/04/2022 05:59:47;17446270;INACTIVE;25/04/2022 04:53:45;25/04/2022 05:59:47
19139137794;p-svmobi-beautytips-c-01;04/05/2022 20:48:33;47767578;INACTIVE;24/04/2022 14:53:17;05/05/2022 23:59:59
19139137427;p-svmobi-beautytips-c-01;04/05/2022 20:48:33;8225238;INACTIVE;24/04/2022 14:48:22;02/05/2022 23:59:59
19139137460;p-svmobi-beautytips-c-01;04/05/2022 20:48:33;9311533;INACTIVE;24/04/2022 14:48:45;03/05/2022 23:59:59
19139212208;p-svmobi-beautytips-c-01;04/05/2022 20:48:34;14587071;INACTIVE;24/04/2022 14:47:20;25/04/2022 23:59:59
19139212339;p-svmobi-beautytips-c-01;04/05/2022 20:48:34;39348494;INACTIVE;24/04/2022 14:49:05;04/05/2022 23:59:59
19139212336;p-svmobi-beautytips-c-01;04/05/2022 20:48:34;19006467;INACTIVE;24/04/2022 14:49:03;03/05/2022 23:59:59
19139212445;p-svmobi-beautytips-c-01;04/05/2022 20:48:34;11175368;INACTIVE;24/04/2022 14:51:01;25/04/2022 23:59:59
19139212583;p-svmobi-beautytips-c-01;04/05/2022 20:48:34;36896817;INACTIVE;24/04/2022 14:54:01;05/05/2022 23:59:59
15133711327;p-svmobi-beautytips-c-01;19/05/2022 14:34:00;44332382;INACTIVE;27/03/2021 17:24:26;19/05/2022 14:34:00
15128768909;p-svmobi-beautytips-c-01;02/05/2022 01:42:19;9595861;INACTIVE;27/03/2021 10:30:52;31/03/2022 23:59:59
19147655819;p-svmobi-beautytips-c-01;17/05/2022 12:35:22;46729009;INACTIVE;17/05/2022 12:13:32;17/05/2022 12:35:22
19147657001;p-svmobi-beautytips-c-01;17/05/2022 18:26:54;45264288;INACTIVE;17/05/2022 12:20:42;18/05/2022 23:59:59
19147652230;p-svmobi-beautytips-c-01;17/05/2022 18:26:54;22773471;INACTIVE;17/05/2022 11:46:08;18/05/2022 23:59:59
19147657728;p-svmobi-beautytips-c-01;17/05/2022 18:26:54;53552991;INACTIVE;17/05/2022 12:32:17;18/05/2022 23:59:59
19147658762;p-svmobi-beautytips-c-01;17/05/2022 18:26:54;22338622;INACTIVE;17/05/2022 12:41:25;18/05/2022 23:59:59
19147653510;p-svmobi-beautytips-c-01;17/05/2022 18:26:54;34311749;INACTIVE;17/05/2022 11:55:57;18/05/2022 23:59:59
19147653264;p-svmobi-beautytips-c-01;17/05/2022 18:26:54;26575980;INACTIVE;17/05/2022 11:53:33;18/05/2022 23:59:59
19147653743;p-svmobi-beautytips-c-01;17/05/2022 18:26:54;5154752;INACTIVE;17/05/2022 11:58:21;18/05/2022 23:59:59
19147662770;p-svmobi-beautytips-c-01;17/05/2022 18:26:55;17183729;INACTIVE;17/05/2022 13:31:50;18/05/2022 23:59:59
19147664624;p-svmobi-beautytips-c-01;17/05/2022 18:26:55;5263959;INACTIVE;17/05/2022 13:46:03;18/05/2022 23:59:59
19147664692;p-svmobi-beautytips-c-01;17/05/2022 18:26:55;27548915;INACTIVE;17/05/2022 13:46:36;18/05/2022 23:59:59
19147664333;p-svmobi-beautytips-c-01;17/05/2022 18:26:55;12579774;INACTIVE;17/05/2022 13:42:15;18/05/2022 23:59:59
19147658714;p-svmobi-beautytips-c-01;17/05/2022 13:00:17;23340567;INACTIVE;17/05/2022 12:40:46;17/05/2022 13:00:17
19147658727;p-svmobi-beautytips-c-01;17/05/2022 18:26:54;525759;INACTIVE;17/05/2022 12:41:02;18/05/2022 23:59:59
19147665022;p-svmobi-beautytips-c-01;17/05/2022 18:26:55;34599416;INACTIVE;17/05/2022 13:51:32;18/05/2022 23:59:59
12830177070;p-svmobi-beautytips-c-01;19/04/2022 18:18:01;434692;INACTIVE;09/09/2020 06:30:51;17/03/2022 23:59:59
15154192703;p-svmobi-beautytips-c-01;05/05/2022 10:48:59;20113611;INACTIVE;29/03/2021 11:06:54;05/05/2022 10:48:58
15164249774;p-svmobi-beautytips-c-01;06/04/2022 19:50:48;29721833;INACTIVE;30/03/2021 05:52:54;06/04/2022 19:50:48
19139355248;p-svmobi-beautytips-c-01;04/05/2022 14:48:24;25408390;INACTIVE;25/04/2022 08:13:44;04/05/2022 14:48:24
19147730435;p-svmobi-beautytips-c-01;17/05/2022 18:26:56;42202878;INACTIVE;17/05/2022 12:13:04;18/05/2022 23:59:59
19147739508;p-svmobi-beautytips-c-01;17/05/2022 18:26:57;22189125;INACTIVE;17/05/2022 13:01:45;18/05/2022 23:59:59
19147746032;p-svmobi-beautytips-c-01;17/05/2022 18:26:58;35022853;INACTIVE;17/05/2022 14:12:29;18/05/2022 23:59:59
19147739540;p-svmobi-beautytips-c-01;17/05/2022 18:26:57;25124190;INACTIVE;17/05/2022 13:02:05;18/05/2022 23:59:59
19147746605;p-svmobi-beautytips-c-01;17/05/2022 18:26:58;27457723;INACTIVE;17/05/2022 14:16:38;18/05/2022 23:59:59
19147744387;p-svmobi-beautytips-c-01;17/05/2022 18:26:58;38748945;INACTIVE;17/05/2022 13:51:16;18/05/2022 23:59:59
19147747034;p-svmobi-beautytips-c-01;17/05/2022 18:26:58;40666749;INACTIVE;17/05/2022 14:21:09;18/05/2022 23:59:59
19147739503;p-svmobi-beautytips-c-01;17/05/2022 18:26:57;31141675;INACTIVE;17/05/2022 13:01:39;18/05/2022 23:59:59
19147730278;p-svmobi-beautytips-c-01;17/05/2022 18:26:56;49323535;INACTIVE;17/05/2022 12:12:08;18/05/2022 23:59:59
19147724603;p-svmobi-beautytips-c-01;17/05/2022 18:26:56;43178169;INACTIVE;17/05/2022 11:45:11;18/05/2022 23:59:59
19147735527;p-svmobi-beautytips-c-01;17/05/2022 18:26:57;14066958;INACTIVE;17/05/2022 12:35:39;18/05/2022 23:59:59
19147738617;p-svmobi-beautytips-c-01;17/05/2022 18:26:57;46503152;INACTIVE;17/05/2022 12:50:44;18/05/2022 23:59:59
19147740632;p-svmobi-beautytips-c-01;17/05/2022 13:22:25;40051185;INACTIVE;17/05/2022 13:12:15;17/05/2022 13:22:25
19147747575;p-svmobi-beautytips-c-01;17/05/2022 14:41:36;6733782;INACTIVE;17/05/2022 14:26:25;17/05/2022 14:41:36
19147739110;p-svmobi-beautytips-c-01;17/05/2022 18:26:57;46902007;INACTIVE;17/05/2022 12:56:40;18/05/2022 23:59:59
19147745044;p-svmobi-beautytips-c-01;17/05/2022 18:26:58;39413688;INACTIVE;17/05/2022 14:00:56;18/05/2022 23:59:59
19147742742;p-svmobi-beautytips-c-01;17/05/2022 13:38:56;1892500;INACTIVE;17/05/2022 13:35:41;17/05/2022 13:38:56
19147742942;p-svmobi-beautytips-c-01;17/05/2022 18:26:58;10259035;INACTIVE;17/05/2022 13:37:13;18/05/2022 23:59:59
19139342682;p-svmobi-beautytips-c-01;25/04/2022 08:23:10;38941532;INACTIVE;25/04/2022 04:21:55;25/04/2022 08:23:10
19139363369;p-svmobi-beautytips-c-01;16/05/2022 07:10:54;27481636;INACTIVE;25/04/2022 09:21:41;16/05/2022 07:10:54
19139363399;p-svmobi-beautytips-c-01;25/04/2022 09:36:38;36991451;INACTIVE;25/04/2022 09:22:13;25/04/2022 09:36:38
19139363806;p-svmobi-beautytips-c-01;27/04/2022 08:11:42;3776309;INACTIVE;25/04/2022 09:26:51;27/04/2022 08:11:42
19139363811;p-svmobi-beautytips-c-01;25/04/2022 09:39:33;4978705;INACTIVE;25/04/2022 09:26:54;25/04/2022 09:39:33
15139130392;p-svmobi-beautytips-c-01;25/04/2022 02:12:23;9803242;INACTIVE;28/03/2021 07:42:55;24/03/2022 23:59:59
19147739498;p-svmobi-beautytips-c-01;17/05/2022 18:26:57;27386815;INACTIVE;17/05/2022 13:01:35;18/05/2022 23:59:59
19147738677;p-svmobi-beautytips-c-01;17/05/2022 18:26:57;30766466;INACTIVE;17/05/2022 12:51:32;18/05/2022 23:59:59
19147724714;p-svmobi-beautytips-c-01;17/05/2022 18:26:56;25558335;INACTIVE;17/05/2022 11:45:53;18/05/2022 23:59:59
19147735031;p-svmobi-beautytips-c-01;17/05/2022 18:26:57;54885940;INACTIVE;17/05/2022 12:32:06;18/05/2022 23:59:59
19147725716;p-svmobi-beautytips-c-01;17/05/2022 12:55:19;3919701;INACTIVE;17/05/2022 11:50:34;17/05/2022 12:55:19
19147733380;p-svmobi-beautytips-c-01;17/05/2022 18:26:57;32964814;INACTIVE;17/05/2022 12:21:16;18/05/2022 23:59:59
19147729295;p-svmobi-beautytips-c-01;17/05/2022 18:26:56;46168034;INACTIVE;17/05/2022 12:06:57;18/05/2022 23:59:59
19147724836;p-svmobi-beautytips-c-01;17/05/2022 18:26:56;8347661;INACTIVE;17/05/2022 11:46:30;18/05/2022 23:59:59
19147740613;p-svmobi-beautytips-c-01;17/05/2022 14:24:49;3254277;INACTIVE;17/05/2022 13:12:00;17/05/2022 14:24:49
19147747098;p-svmobi-beautytips-c-01;17/05/2022 18:26:58;40466409;INACTIVE;17/05/2022 14:21:34;18/05/2022 23:59:59
19147741150;p-svmobi-beautytips-c-01;17/05/2022 18:26:58;1912909;INACTIVE;17/05/2022 13:20:36;18/05/2022 23:59:59
19147741231;p-svmobi-beautytips-c-01;17/05/2022 18:26:58;1326880;INACTIVE;17/05/2022 13:21:48;18/05/2022 23:59:59
19147747664;p-svmobi-beautytips-c-01;17/05/2022 18:26:58;40136879;INACTIVE;17/05/2022 14:27:29;18/05/2022 23:59:59
19147734187;p-svmobi-beautytips-c-01;17/05/2022 18:26:57;27670844;INACTIVE;17/05/2022 12:26:05;18/05/2022 23:59:59
19147725768;p-svmobi-beautytips-c-01;17/05/2022 18:26:56;33107852;INACTIVE;17/05/2022 11:51:01;18/05/2022 23:59:59
19147727813;p-svmobi-beautytips-c-01;17/05/2022 18:26:56;270868;INACTIVE;17/05/2022 12:02:18;18/05/2022 23:59:59
19147733540;p-svmobi-beautytips-c-01;17/05/2022 18:26:57;24660549;INACTIVE;17/05/2022 12:22:09;18/05/2022 23:59:59
19147739481;p-svmobi-beautytips-c-01;17/05/2022 18:26:57;22176469;INACTIVE;17/05/2022 13:01:24;18/05/2022 23:59:59
19147744860;p-svmobi-beautytips-c-01;17/05/2022 18:26:58;18332261;INACTIVE;17/05/2022 13:57:28;18/05/2022 23:59:59
19147734374;p-svmobi-beautytips-c-01;17/05/2022 18:26:57;17630348;INACTIVE;17/05/2022 12:27:27;18/05/2022 23:59:59
15158752660;p-svmobi-beautytips-c-01;26/04/2022 02:41:16;33526136;INACTIVE;29/03/2021 17:15:13;25/03/2022 23:59:59
19147741194;p-svmobi-beautytips-c-01;17/05/2022 18:26:58;1062075;INACTIVE;17/05/2022 13:21:16;18/05/2022 23:59:59
19147743604;p-svmobi-beautytips-c-01;17/05/2022 15:02:30;14649027;INACTIVE;17/05/2022 13:42:30;17/05/2022 15:02:30
19147740940;p-svmobi-beautytips-c-01;17/05/2022 18:26:58;14034478;INACTIVE;17/05/2022 13:17:03;18/05/2022 23:59:59
19139344165;p-svmobi-beautytips-c-01;30/04/2022 09:33:36;20523185;INACTIVE;25/04/2022 05:07:07;30/04/2022 09:33:36
15375996898;p-svmobi-fitnesstips-c-01;29/04/2022 02:03:23;29272592;INACTIVE;18/04/2021 17:10:37;28/03/2022 23:59:59
14395060909;p-svmobi-fitnesstips-c-01;06/04/2022 01:38:12;41158582;INACTIVE;11/01/2021 08:17:48;05/03/2022 23:59:59
13673045030;p-svmobi-fitnesstips-c-01;11/05/2022 01:55:10;30747888;INACTIVE;04/11/2020 20:32:26;09/04/2022 23:59:59
19139426702;p-svmobi-fitnesstips-c-01;19/05/2022 21:54:33;5989219;INACTIVE;25/04/2022 10:10:59;19/05/2022 21:54:33
19136546854;p-svmobi-fitnesstips-c-01;19/05/2022 04:18:23;26369202;INACTIVE;16/04/2022 17:05:37;17/04/2022 23:59:59
19139447804;p-svmobi-fitnesstips-c-01;25/04/2022 16:23:12;46886775;INACTIVE;25/04/2022 11:46:15;25/04/2022 16:23:12
19139426233;p-svmobi-fitnesstips-c-01;04/05/2022 15:09:24;10430751;INACTIVE;25/04/2022 10:02:57;04/05/2022 15:09:24
19139443524;p-svmobi-fitnesstips-c-01;25/04/2022 11:32:30;14782991;INACTIVE;25/04/2022 11:21:51;25/04/2022 11:32:30
19139425826;p-svmobi-fitnesstips-c-01;26/04/2022 16:00:20;14043703;INACTIVE;25/04/2022 09:55:46;26/04/2022 16:00:20
19139426698;p-svmobi-fitnesstips-c-01;25/04/2022 14:55:06;47675616;INACTIVE;25/04/2022 10:10:55;25/04/2022 14:55:06
19139447045;p-svmobi-fitnesstips-c-01;25/04/2022 11:42:44;10119338;INACTIVE;25/04/2022 11:41:27;25/04/2022 11:42:44
19139426127;p-svmobi-fitnesstips-c-01;25/04/2022 10:02:21;42697805;INACTIVE;25/04/2022 10:00:37;25/04/2022 10:02:21
19139440685;p-svmobi-fitnesstips-c-01;25/04/2022 12:43:10;55788133;INACTIVE;25/04/2022 11:07:09;25/04/2022 12:43:10
19139426368;p-svmobi-fitnesstips-c-01;20/05/2022 06:11:09;2243042;INACTIVE;25/04/2022 10:05:02;20/05/2022 06:11:09
19139442730;p-svmobi-fitnesstips-c-01;25/04/2022 14:11:10;49816524;INACTIVE;25/04/2022 11:17:28;25/04/2022 14:11:10
15242066186;p-svmobi-fitnesstips-c-01;09/03/2022 03:49:27;38890212;INACTIVE;05/04/2021 16:53:26;09/03/2022 03:49:27
14835162638;p-svmobi-fitnesstips-c-01;03/05/2022 01:45:29;15088020;INACTIVE;25/02/2021 19:57:59;01/04/2022 23:59:59
15554067181;p-svmobi-fitnesstips-c-01;24/03/2022 04:07:09;9383554;INACTIVE;30/04/2021 17:34:58;24/03/2022 04:07:09
14924599377;p-svmobi-fitnesstips-c-01;13/05/2022 01:54:39;12111498;INACTIVE;07/03/2021 10:11:47;11/04/2022 23:59:59
15737466017;p-svmobi-fitnesstips-c-01;10/04/2022 13:18:53;23510634;INACTIVE;08/05/2021 19:17:56;10/04/2022 13:18:52
14392482134;p-svmobi-fitnesstips-c-01;05/04/2022 10:27:56;3896043;INACTIVE;10/01/2021 22:04:48;05/04/2022 10:27:56
15640050518;p-svmobi-fitnesstips-c-01;09/04/2022 02:16:11;6281269;INACTIVE;04/05/2021 22:50:02;08/03/2022 23:59:59
14734918734;p-svmobi-fitnesstips-c-01;17/05/2022 19:45:42;24227747;INACTIVE;15/02/2021 14:26:48;17/05/2022 19:45:42
19147660659;p-svmobi-fitnesstips-c-01;17/05/2022 18:26:55;8287166;INACTIVE;17/05/2022 13:07:55;18/05/2022 23:59:59
19147666812;p-svmobi-fitnesstips-c-01;17/05/2022 15:04:39;36227833;INACTIVE;17/05/2022 14:14:53;17/05/2022 15:04:39
19147667008;p-svmobi-fitnesstips-c-01;17/05/2022 18:26:55;665647;INACTIVE;17/05/2022 14:16:24;18/05/2022 23:59:59
19147660268;p-svmobi-fitnesstips-c-01;17/05/2022 18:26:55;13883090;INACTIVE;17/05/2022 13:06:03;18/05/2022 23:59:59
19147660283;p-svmobi-fitnesstips-c-01;17/05/2022 18:26:55;33609921;INACTIVE;17/05/2022 13:06:17;18/05/2022 23:59:59
19147660578;p-svmobi-fitnesstips-c-01;17/05/2022 18:26:55;23354547;INACTIVE;17/05/2022 13:07:06;18/05/2022 23:59:59
19147658768;p-svmobi-fitnesstips-c-01;17/05/2022 18:26:54;8949812;INACTIVE;17/05/2022 12:41:27;18/05/2022 23:59:59
19147665012;p-svmobi-fitnesstips-c-01;17/05/2022 14:24:49;3254277;INACTIVE;17/05/2022 13:51:26;17/05/2022 14:24:49
19147653494;p-svmobi-fitnesstips-c-01;17/05/2022 18:26:54;57895747;INACTIVE;17/05/2022 11:55:48;18/05/2022 23:59:59
19147653496;p-svmobi-fitnesstips-c-01;17/05/2022 18:26:54;18855245;INACTIVE;17/05/2022 11:55:50;18/05/2022 23:59:59
19147655203;p-svmobi-fitnesstips-c-01;17/05/2022 18:26:54;5679839;INACTIVE;17/05/2022 12:06:01;18/05/2022 23:59:59
19147653004;p-svmobi-fitnesstips-c-01;17/05/2022 18:26:54;17258825;INACTIVE;17/05/2022 11:51:17;18/05/2022 23:59:59
19147660679;p-svmobi-fitnesstips-c-01;17/05/2022 18:26:55;2363070;INACTIVE;17/05/2022 13:08:26;18/05/2022 23:59:59
19147660044;p-svmobi-fitnesstips-c-01;17/05/2022 18:26:55;39782641;INACTIVE;17/05/2022 13:01:47;18/05/2022 23:59:59
19147653955;p-svmobi-fitnesstips-c-01;17/05/2022 18:26:54;11345550;INACTIVE;17/05/2022 12:00:46;18/05/2022 23:59:59
19147664960;p-svmobi-fitnesstips-c-01;17/05/2022 18:26:55;43333956;INACTIVE;17/05/2022 13:50:37;18/05/2022 23:59:59
19147657657;p-svmobi-fitnesstips-c-01;17/05/2022 18:26:54;626732;INACTIVE;17/05/2022 12:30:33;18/05/2022 23:59:59
19147654737;p-svmobi-fitnesstips-c-01;17/05/2022 18:26:54;8033034;INACTIVE;17/05/2022 12:03:19;18/05/2022 23:59:59
19147655251;p-svmobi-fitnesstips-c-01;17/05/2022 18:26:54;58097886;INACTIVE;17/05/2022 12:06:24;18/05/2022 23:59:59
14890936183;p-svmobi-fitnesstips-c-01;07/05/2022 01:53:00;44495647;INACTIVE;03/03/2021 18:03:34;05/04/2022 23:59:59
19147662701;p-svmobi-fitnesstips-c-01;17/05/2022 18:26:55;36500399;INACTIVE;17/05/2022 13:31:24;18/05/2022 23:59:59
19147652915;p-svmobi-fitnesstips-c-01;17/05/2022 18:26:54;8398761;INACTIVE;17/05/2022 11:50:33;18/05/2022 23:59:59
19147653016;p-svmobi-fitnesstips-c-01;17/05/2022 18:26:54;16177882;INACTIVE;17/05/2022 11:51:25;18/05/2022 23:59:59
19147657392;p-svmobi-fitnesstips-c-01;17/05/2022 18:26:54;8114452;INACTIVE;17/05/2022 12:26:33;18/05/2022 23:59:59
14454117997;p-svmobi-fitnesstips-c-01;23/04/2022 07:52:53;6192756;INACTIVE;17/01/2021 08:38:36;22/03/2022 23:59:59
15074687559;p-svmobi-fitnesstips-c-01;18/05/2022 02:04:22;8317054;INACTIVE;22/03/2021 18:27:43;16/04/2022 23:59:59
14414226615;p-svmobi-fitnesstips-c-01;04/05/2022 01:35:36;17496423;INACTIVE;13/01/2021 02:19:54;02/04/2022 23:59:59
14224915128;p-svmobi-fitnesstips-c-01;10/05/2022 01:55:55;44812770;INACTIVE;25/12/2020 09:24:59;08/04/2022 23:59:59
14276950968;p-svmobi-fitnesstips-c-01;11/04/2022 01:45:57;55215265;INACTIVE;30/12/2020 11:01:43;10/03/2022 23:59:59
15434362101;p-svmobi-fitnesstips-c-01;13/03/2022 18:08:13;42502965;INACTIVE;22/04/2021 06:58:00;13/03/2022 18:08:13
15755082244;p-svmobi-fitnesstips-c-01;02/05/2022 14:45:24;49592285;INACTIVE;10/05/2021 02:07:27;02/05/2022 14:45:24
15755051374;p-svmobi-fitnesstips-c-01;23/05/2022 07:37:22;46634151;INACTIVE;10/05/2021 02:00:10;23/05/2022 07:37:22
15075875618;p-svmobi-fitnesstips-c-01;22/04/2022 04:26:08;2017103;INACTIVE;22/03/2021 21:47:44;21/03/2022 23:59:59
14869654607;p-svmobi-fitnesstips-c-01;21/05/2022 02:10:04;24082790;INACTIVE;01/03/2021 12:40:44;19/04/2022 23:59:59
14931008037;p-svmobi-fitnesstips-c-01;08/05/2022 01:52:26;6947626;INACTIVE;08/03/2021 01:09:45;06/04/2022 23:59:59
14425049324;p-svmobi-fitnesstips-c-01;22/05/2022 02:22:07;53506226;INACTIVE;14/01/2021 08:50:24;20/04/2022 23:59:59
19139367055;p-svmobi-fitnesstips-c-01;26/04/2022 19:43:40;1362020;INACTIVE;25/04/2022 10:02:41;26/04/2022 19:43:40
19139377256;p-svmobi-fitnesstips-c-01;25/04/2022 10:52:41;31771647;INACTIVE;25/04/2022 10:45:38;25/04/2022 10:52:41
14574765194;p-svmobi-fitnesstips-c-01;11/05/2022 01:56:51;28505789;INACTIVE;29/01/2021 11:53:39;09/04/2022 23:59:59
19139392035;p-svmobi-fitnesstips-c-01;26/04/2022 12:07:38;1738537;INACTIVE;25/04/2022 11:47:14;26/04/2022 12:07:38
19139369623;p-svmobi-fitnesstips-c-01;25/04/2022 11:15:01;9230787;INACTIVE;25/04/2022 10:21:04;25/04/2022 11:15:01
19139367359;p-svmobi-fitnesstips-c-01;25/04/2022 17:25:29;18311789;INACTIVE;25/04/2022 10:06:46;25/04/2022 17:25:29
15025427631;p-svmobi-fitnesstips-c-01;04/05/2022 01:39:15;11105708;INACTIVE;17/03/2021 19:27:24;02/04/2022 23:59:59
19147730338;p-svmobi-fitnesstips-c-01;17/05/2022 18:26:56;35141730;INACTIVE;17/05/2022 12:12:22;18/05/2022 23:59:59
19147730488;p-svmobi-fitnesstips-c-01;17/05/2022 18:26:56;8157973;INACTIVE;17/05/2022 12:13:26;18/05/2022 23:59:59
19147728952;p-svmobi-fitnesstips-c-01;17/05/2022 18:26:56;30492361;INACTIVE;17/05/2022 12:05:39;18/05/2022 23:59:59
19147735083;p-svmobi-fitnesstips-c-01;17/05/2022 18:26:57;28495822;INACTIVE;17/05/2022 12:32:28;18/05/2022 23:59:59
19147743441;p-svmobi-fitnesstips-c-01;17/05/2022 18:26:58;41372464;INACTIVE;17/05/2022 13:40:33;18/05/2022 23:59:59
19147746626;p-svmobi-fitnesstips-c-01;17/05/2022 14:46:04;4061403;INACTIVE;17/05/2022 14:16:50;17/05/2022 14:46:04
19147744342;p-svmobi-fitnesstips-c-01;17/05/2022 18:26:58;2953819;INACTIVE;17/05/2022 13:50:37;18/05/2022 23:59:59
19147744397;p-svmobi-fitnesstips-c-01;17/05/2022 18:26:58;9641765;INACTIVE;17/05/2022 13:51:23;18/05/2022 23:59:59
19147745315;p-svmobi-fitnesstips-c-01;17/05/2022 18:26:58;27986989;INACTIVE;17/05/2022 14:01:40;18/05/2022 23:59:59
19147746781;p-svmobi-fitnesstips-c-01;17/05/2022 18:26:58;54749590;INACTIVE;17/05/2022 14:18:46;18/05/2022 23:59:59
19147747044;p-svmobi-fitnesstips-c-01;17/05/2022 18:26:58;57813024;INACTIVE;17/05/2022 14:21:14;18/05/2022 23:59:59
19147747088;p-svmobi-fitnesstips-c-01;17/05/2022 18:26:58;40476938;INACTIVE;17/05/2022 14:21:30;18/05/2022 23:59:59
19147747095;p-svmobi-fitnesstips-c-01;17/05/2022 18:26:58;19580951;INACTIVE;17/05/2022 14:21:33;18/05/2022 23:59:59
19147731148;p-svmobi-fitnesstips-c-01;17/05/2022 12:29:17;14355129;INACTIVE;17/05/2022 12:16:07;17/05/2022 12:29:17
19147747055;p-svmobi-fitnesstips-c-01;17/05/2022 18:26:58;18159430;INACTIVE;17/05/2022 14:21:17;18/05/2022 23:59:59
19147734172;p-svmobi-fitnesstips-c-01;17/05/2022 18:26:57;41487553;INACTIVE;17/05/2022 12:26:00;18/05/2022 23:59:59
19147734359;p-svmobi-fitnesstips-c-01;17/05/2022 18:26:57;15803055;INACTIVE;17/05/2022 12:27:20;18/05/2022 23:59:59
19147743451;p-svmobi-fitnesstips-c-01;17/05/2022 18:26:58;40776749;INACTIVE;17/05/2022 13:40:38;18/05/2022 23:59:59
19147735687;p-svmobi-fitnesstips-c-01;17/05/2022 18:26:57;16532231;INACTIVE;17/05/2022 12:36:43;18/05/2022 23:59:59
19147735703;p-svmobi-fitnesstips-c-01;17/05/2022 18:26:57;7381985;INACTIVE;17/05/2022 12:36:52;18/05/2022 23:59:59
19147739115;p-svmobi-fitnesstips-c-01;17/05/2022 18:26:57;7683642;INACTIVE;17/05/2022 12:56:44;18/05/2022 23:59:59
19147745068;p-svmobi-fitnesstips-c-01;17/05/2022 18:26:58;37260183;INACTIVE;17/05/2022 14:01:10;18/05/2022 23:59:59
19139367338;p-svmobi-fitnesstips-c-01;25/04/2022 10:37:27;23907709;INACTIVE;25/04/2022 10:06:24;25/04/2022 10:37:27
19139367565;p-svmobi-fitnesstips-c-01;26/04/2022 08:15:51;11452012;INACTIVE;25/04/2022 10:11:02;26/04/2022 08:15:51
19147733590;p-svmobi-fitnesstips-c-01;17/05/2022 12:24:15;41726062;INACTIVE;17/05/2022 12:22:40;17/05/2022 12:24:15
19147744692;p-svmobi-fitnesstips-c-01;17/05/2022 18:26:58;3353964;INACTIVE;17/05/2022 13:54:33;18/05/2022 23:59:59
19147739262;p-svmobi-fitnesstips-c-01;17/05/2022 18:26:57;38542586;INACTIVE;17/05/2022 12:58:52;18/05/2022 23:59:59
19147739500;p-svmobi-fitnesstips-c-01;17/05/2022 18:26:57;2983468;INACTIVE;17/05/2022 13:01:36;18/05/2022 23:59:59
19147734167;p-svmobi-fitnesstips-c-01;17/05/2022 18:26:57;3877454;INACTIVE;17/05/2022 12:25:57;18/05/2022 23:59:59
19147741182;p-svmobi-fitnesstips-c-01;17/05/2022 18:26:58;56247814;INACTIVE;17/05/2022 13:21:06;18/05/2022 23:59:59
19147743601;p-svmobi-fitnesstips-c-01;17/05/2022 18:26:58;44308781;INACTIVE;17/05/2022 13:42:29;18/05/2022 23:59:59
19147737718;p-svmobi-fitnesstips-c-01;17/05/2022 18:26:57;15977552;INACTIVE;17/05/2022 12:46:52;18/05/2022 23:59:59
19147737235;p-svmobi-fitnesstips-c-01;17/05/2022 18:26:57;2276335;INACTIVE;17/05/2022 12:41:03;18/05/2022 23:59:59
19147731200;p-svmobi-fitnesstips-c-01;17/05/2022 12:26:42;23051741;INACTIVE;17/05/2022 12:16:40;17/05/2022 12:26:42
19147739097;p-svmobi-fitnesstips-c-01;17/05/2022 12:57:25;760117;INACTIVE;17/05/2022 12:56:30;17/05/2022 12:57:25
19147734492;p-svmobi-fitnesstips-c-01;17/05/2022 18:26:57;53056366;INACTIVE;17/05/2022 12:28:08;18/05/2022 23:59:59
19147743866;p-svmobi-fitnesstips-c-01;17/05/2022 18:26:58;8950105;INACTIVE;17/05/2022 13:45:38;18/05/2022 23:59:59
19147735732;p-svmobi-fitnesstips-c-01;17/05/2022 18:26:57;5679751;INACTIVE;17/05/2022 12:37:09;18/05/2022 23:59:59
19147734377;p-svmobi-fitnesstips-c-01;17/05/2022 18:26:57;42981981;INACTIVE;17/05/2022 12:27:29;18/05/2022 23:59:59
19147744352;p-svmobi-fitnesstips-c-01;17/05/2022 18:26:58;21380329;INACTIVE;17/05/2022 13:50:49;18/05/2022 23:59:59
19147742882;p-svmobi-fitnesstips-c-01;17/05/2022 18:26:58;6805390;INACTIVE;17/05/2022 13:36:53;18/05/2022 23:59:59
19147733361;p-svmobi-fitnesstips-c-01;17/05/2022 18:26:57;41629843;INACTIVE;17/05/2022 12:21:11;18/05/2022 23:59:59
19139398614;p-svmobi-fitnesstips-c-01;25/04/2022 14:46:11;22144581;INACTIVE;25/04/2022 12:46:19;25/04/2022 14:46:11
19147735047;p-svmobi-fitnesstips-c-01;17/05/2022 18:26:57;58132164;INACTIVE;17/05/2022 12:32:14;18/05/2022 23:59:59
19147747029;p-svmobi-fitnesstips-c-01;17/05/2022 18:26:58;34616667;INACTIVE;17/05/2022 14:21:05;18/05/2022 23:59:59
19147726558;p-svmobi-fitnesstips-c-01;17/05/2022 14:52:40;11084847;INACTIVE;17/05/2022 11:56:53;17/05/2022 14:52:40
19139414527;p-svmobi-beautytips-c-01;26/04/2022 16:38:32;26158329;INACTIVE;25/04/2022 08:06:13;26/04/2022 16:38:32
19139424935;p-svmobi-beautytips-c-01;25/04/2022 10:14:29;34362271;INACTIVE;25/04/2022 09:46:24;25/04/2022 10:14:29
19139137625;p-svmobi-beautytips-c-01;04/05/2022 20:48:33;16962094;INACTIVE;24/04/2022 14:51:05;26/04/2022 23:59:59
19139212360;p-svmobi-beautytips-c-01;04/05/2022 20:48:34;43143126;INACTIVE;24/04/2022 14:49:33;25/04/2022 23:59:59
19139137773;p-svmobi-beautytips-c-01;04/05/2022 20:48:33;44596467;INACTIVE;24/04/2022 14:53:01;25/04/2022 23:59:59
19139138043;p-svmobi-beautytips-c-01;04/05/2022 20:48:34;11535937;INACTIVE;24/04/2022 14:55:53;05/05/2022 23:59:59
19139212350;p-svmobi-beautytips-c-01;04/05/2022 20:48:34;11756449;INACTIVE;24/04/2022 14:49:17;05/05/2022 23:59:59
19139212433;p-svmobi-beautytips-c-01;04/05/2022 20:48:34;48475948;INACTIVE;24/04/2022 14:50:53;05/05/2022 23:59:59
19139137500;p-svmobi-beautytips-c-01;24/04/2022 14:50:04;1509;INACTIVE;24/04/2022 14:49:15;24/04/2022 14:50:04
19139212205;p-svmobi-beautytips-c-01;04/05/2022 20:48:34;9876226;INACTIVE;24/04/2022 14:47:17;03/05/2022 23:59:59
19147666120;p-svmobi-beautytips-c-01;17/05/2022 14:42:07;31210470;INACTIVE;17/05/2022 14:02:04;17/05/2022 14:42:07
19147667602;p-svmobi-beautytips-c-01;17/05/2022 14:25:26;14502006;INACTIVE;17/05/2022 14:22:51;17/05/2022 14:25:26
19147661886;p-svmobi-beautytips-c-01;17/05/2022 18:26:55;3854692;INACTIVE;17/05/2022 13:28:29;18/05/2022 23:59:59
19147652999;p-svmobi-beautytips-c-01;17/05/2022 18:26:54;25150690;INACTIVE;17/05/2022 11:51:14;18/05/2022 23:59:59
19147668363;p-svmobi-beautytips-c-01;17/05/2022 14:32:50;6238600;INACTIVE;17/05/2022 14:31:13;17/05/2022 14:32:50
19147663327;p-svmobi-beautytips-c-01;17/05/2022 18:26:55;44622109;INACTIVE;17/05/2022 13:35:43;18/05/2022 23:59:59
19147663488;p-svmobi-beautytips-c-01;17/05/2022 18:26:55;4885541;INACTIVE;17/05/2022 13:36:54;18/05/2022 23:59:59
19147652175;p-svmobi-beautytips-c-01;17/05/2022 18:26:54;34839569;INACTIVE;17/05/2022 11:45:34;18/05/2022 23:59:59
19147657374;p-svmobi-beautytips-c-01;17/05/2022 18:26:54;365386;INACTIVE;17/05/2022 12:26:11;18/05/2022 23:59:59
19147657390;p-svmobi-beautytips-c-01;17/05/2022 18:26:54;34925772;INACTIVE;17/05/2022 12:26:33;18/05/2022 23:59:59
19147667361;p-svmobi-beautytips-c-01;17/05/2022 18:26:55;48637867;INACTIVE;17/05/2022 14:19:54;18/05/2022 23:59:59
15146060839;p-svmobi-beautytips-c-01;02/05/2022 01:35:45;52470162;INACTIVE;28/03/2021 17:15:17;31/03/2022 23:59:59
19139365700;p-svmobi-beautytips-c-01;28/04/2022 15:26:15;18779806;INACTIVE;25/04/2022 09:44:50;28/04/2022 15:26:15
19139424861;p-svmobi-beautytips-c-01;25/04/2022 16:47:06;4861117;INACTIVE;25/04/2022 09:45:53;25/04/2022 16:47:06
19139303096;p-svmobi-beautytips-c-01;25/04/2022 04:37:21;7171521;INACTIVE;25/04/2022 04:26:07;25/04/2022 04:37:21
19139422285;p-svmobi-beautytips-c-01;16/05/2022 17:03:02;18023760;INACTIVE;25/04/2022 09:20:53;16/05/2022 17:03:02
19139422736;p-svmobi-beautytips-c-01;25/04/2022 21:50:40;5524513;INACTIVE;25/04/2022 09:25:57;25/04/2022 21:50:40
15136860614;p-svmobi-beautytips-c-01;01/04/2022 06:23:15;28997860;INACTIVE;27/03/2021 23:06:34;01/04/2022 06:23:15
19139137941;p-svmobi-beautytips-c-01;04/05/2022 20:48:34;25440942;INACTIVE;24/04/2022 14:55:18;02/05/2022 23:59:59
19139137355;p-svmobi-beautytips-c-01;25/04/2022 05:45:59;49680208;INACTIVE;24/04/2022 14:47:23;25/04/2022 05:45:59
19139137592;p-svmobi-beautytips-c-01;24/04/2022 15:06:49;38941532;INACTIVE;24/04/2022 14:50:38;24/04/2022 15:06:49
19139137686;p-svmobi-beautytips-c-01;26/04/2022 11:12:00;1999648;INACTIVE;24/04/2022 14:51:50;26/04/2022 11:12:00
19139137722;p-svmobi-beautytips-c-01;24/04/2022 21:06:14;39448855;INACTIVE;24/04/2022 14:52:21;24/04/2022 21:06:14
19139137324;p-svmobi-beautytips-c-01;24/04/2022 14:48:49;14653276;INACTIVE;24/04/2022 14:47:01;24/04/2022 14:48:49
19139137440;p-svmobi-beautytips-c-01;04/05/2022 20:48:33;18976720;INACTIVE;24/04/2022 14:48:32;25/04/2022 23:59:59
19139137521;p-svmobi-beautytips-c-01;04/05/2022 20:48:33;28565516;INACTIVE;24/04/2022 14:49:41;05/05/2022 23:59:59
19139137558;p-svmobi-beautytips-c-01;04/05/2022 20:48:33;4474571;INACTIVE;24/04/2022 14:50:10;05/05/2022 23:59:59
19139137559;p-svmobi-beautytips-c-01;04/05/2022 20:48:33;12900310;INACTIVE;24/04/2022 14:50:14;25/04/2022 23:59:59
19139137721;p-svmobi-beautytips-c-01;04/05/2022 20:48:33;45272167;INACTIVE;24/04/2022 14:52:19;05/05/2022 23:59:59
19139138045;p-svmobi-beautytips-c-01;04/05/2022 20:48:34;50083648;INACTIVE;24/04/2022 14:55:55;25/04/2022 23:59:59
19139212285;p-svmobi-beautytips-c-01;04/05/2022 20:48:34;41685435;INACTIVE;24/04/2022 14:48:18;05/05/2022 23:59:59
19147662708;p-svmobi-beautytips-c-01;17/05/2022 13:33:38;18390664;INACTIVE;17/05/2022 13:31:27;17/05/2022 13:33:38
19147665093;p-svmobi-beautytips-c-01;17/05/2022 18:26:55;41883669;INACTIVE;17/05/2022 13:51:44;18/05/2022 23:59:59
19147655214;p-svmobi-beautytips-c-01;17/05/2022 18:26:54;27443576;INACTIVE;17/05/2022 12:06:04;18/05/2022 23:59:59
19147665559;p-svmobi-beautytips-c-01;17/05/2022 14:08:17;2707692;INACTIVE;17/05/2022 13:57:06;17/05/2022 14:08:17
19147665771;p-svmobi-beautytips-c-01;17/05/2022 18:26:55;57801589;INACTIVE;17/05/2022 14:00:38;18/05/2022 23:59:59
19147666123;p-svmobi-beautytips-c-01;17/05/2022 18:26:55;29953331;INACTIVE;17/05/2022 14:02:08;18/05/2022 23:59:59
19147657559;p-svmobi-beautytips-c-01;17/05/2022 18:26:54;55919813;INACTIVE;17/05/2022 12:29:07;18/05/2022 23:59:59
19147655239;p-svmobi-beautytips-c-01;17/05/2022 12:16:32;29364608;INACTIVE;17/05/2022 12:06:18;17/05/2022 12:16:32
19147658797;p-svmobi-beautytips-c-01;17/05/2022 18:26:54;57856288;INACTIVE;17/05/2022 12:41:40;18/05/2022 23:59:59
19147664196;p-svmobi-beautytips-c-01;17/05/2022 18:26:55;4720522;INACTIVE;17/05/2022 13:40:50;18/05/2022 23:59:59
19147664265;p-svmobi-beautytips-c-01;17/05/2022 18:26:55;684839;INACTIVE;17/05/2022 13:41:40;18/05/2022 23:59:59
19139362867;p-svmobi-beautytips-c-01;18/05/2022 11:55:44;56890525;INACTIVE;25/04/2022 09:16:40;18/05/2022 11:55:44
19139363162;p-svmobi-beautytips-c-01;25/04/2022 09:19:50;46399756;INACTIVE;25/04/2022 09:18:43;25/04/2022 09:19:50
19147733306;p-svmobi-beautytips-c-01;17/05/2022 18:26:57;42981981;INACTIVE;17/05/2022 12:20:56;18/05/2022 23:59:59
19147741466;p-svmobi-beautytips-c-01;17/05/2022 18:26:58;45961910;INACTIVE;17/05/2022 13:26:10;18/05/2022 23:59:59
19147740575;p-svmobi-beautytips-c-01;17/05/2022 18:26:58;842521;INACTIVE;17/05/2022 13:11:32;18/05/2022 23:59:59
19147740639;p-svmobi-beautytips-c-01;17/05/2022 18:26:58;42392703;INACTIVE;17/05/2022 13:12:29;18/05/2022 23:59:59
19139362585;p-svmobi-beautytips-c-01;26/04/2022 22:25:08;9682861;INACTIVE;25/04/2022 09:13:08;26/04/2022 22:25:08
19147743556;p-svmobi-beautytips-c-01;17/05/2022 18:26:58;50429036;INACTIVE;17/05/2022 13:42:00;18/05/2022 23:59:59
19147743909;p-svmobi-beautytips-c-01;17/05/2022 18:26:58;55447495;INACTIVE;17/05/2022 13:46:10;18/05/2022 23:59:59
19147739023;p-svmobi-beautytips-c-01;17/05/2022 18:26:57;46618846;INACTIVE;17/05/2022 12:55:49;18/05/2022 23:59:59
19147739067;p-svmobi-beautytips-c-01;17/05/2022 18:26:57;4673067;INACTIVE;17/05/2022 12:56:06;18/05/2022 23:59:59
19147748082;p-svmobi-beautytips-c-01;17/05/2022 18:26:58;38405265;INACTIVE;17/05/2022 14:31:14;18/05/2022 23:59:59
19147746601;p-svmobi-beautytips-c-01;17/05/2022 18:26:58;6497054;INACTIVE;17/05/2022 14:16:36;18/05/2022 23:59:59
19147748073;p-svmobi-beautytips-c-01;17/05/2022 18:26:58;35773584;INACTIVE;17/05/2022 14:31:11;18/05/2022 23:59:59
19139364117;p-svmobi-beautytips-c-01;28/04/2022 14:12:29;7889999;INACTIVE;25/04/2022 09:33:53;28/04/2022 14:12:29
19147728586;p-svmobi-beautytips-c-01;17/05/2022 18:26:56;23217867;INACTIVE;17/05/2022 12:04:22;18/05/2022 23:59:59
19147744502;p-svmobi-beautytips-c-01;17/05/2022 18:26:58;35260847;INACTIVE;17/05/2022 13:52:06;18/05/2022 23:59:59
19147740619;p-svmobi-beautytips-c-01;17/05/2022 18:26:58;1229830;INACTIVE;17/05/2022 13:12:05;18/05/2022 23:59:59
19147725737;p-svmobi-beautytips-c-01;17/05/2022 18:26:56;26536968;INACTIVE;17/05/2022 11:50:46;18/05/2022 23:59:59
19147743968;p-svmobi-beautytips-c-01;17/05/2022 14:23:36;57527746;INACTIVE;17/05/2022 13:46:38;17/05/2022 14:23:36
19147743501;p-svmobi-beautytips-c-01;17/05/2022 18:26:58;47395259;INACTIVE;17/05/2022 13:41:20;18/05/2022 23:59:59
19147727750;p-svmobi-beautytips-c-01;17/05/2022 18:26:56;34315788;INACTIVE;17/05/2022 12:02:11;18/05/2022 23:59:59
19147733513;p-svmobi-beautytips-c-01;17/05/2022 18:26:57;57941724;INACTIVE;17/05/2022 12:21:59;18/05/2022 23:59:59
19147740560;p-svmobi-beautytips-c-01;17/05/2022 18:26:58;38103808;INACTIVE;17/05/2022 13:11:21;18/05/2022 23:59:59
19147740881;p-svmobi-beautytips-c-01;17/05/2022 18:26:58;13776529;INACTIVE;17/05/2022 13:16:05;18/05/2022 23:59:59
19147741203;p-svmobi-beautytips-c-01;17/05/2022 18:26:58;51059197;INACTIVE;17/05/2022 13:21:28;18/05/2022 23:59:59
19147729589;p-svmobi-beautytips-c-01;17/05/2022 18:26:56;13547552;INACTIVE;17/05/2022 12:08:28;18/05/2022 23:59:59
19147745026;p-svmobi-beautytips-c-01;17/05/2022 18:26:58;15100942;INACTIVE;17/05/2022 14:00:47;18/05/2022 23:59:59
19147745054;p-svmobi-beautytips-c-01;17/05/2022 18:26:58;44049039;INACTIVE;17/05/2022 14:01:04;18/05/2022 23:59:59
19147726536;p-svmobi-beautytips-c-01;17/05/2022 16:34:00;57198004;INACTIVE;17/05/2022 11:56:44;17/05/2022 16:34:00
19147737691;p-svmobi-beautytips-c-01;17/05/2022 18:26:57;13324635;INACTIVE;17/05/2022 12:46:34;18/05/2022 23:59:59
19147747188;p-svmobi-beautytips-c-01;17/05/2022 18:26:58;8263714;INACTIVE;17/05/2022 14:22:18;18/05/2022 23:59:59
19147737828;p-svmobi-beautytips-c-01;17/05/2022 18:26:57;23611908;INACTIVE;17/05/2022 12:47:59;18/05/2022 23:59:59
19140690698;p-svmobi-fitnesstips-c-01;29/04/2022 11:18:31;49625606;INACTIVE;29/04/2022 11:13:09;29/04/2022 11:18:31
19139426141;p-svmobi-fitnesstips-c-01;25/04/2022 13:02:36;405494;INACTIVE;25/04/2022 10:00:52;25/04/2022 13:02:36
19139426173;p-svmobi-fitnesstips-c-01;25/04/2022 10:03:47;44990934;INACTIVE;25/04/2022 10:01:41;25/04/2022 10:03:47
19139425836;p-svmobi-fitnesstips-c-01;11/05/2022 16:32:27;9841055;INACTIVE;25/04/2022 09:55:49;11/05/2022 16:32:27
19132993716;p-svmobi-fitnesstips-c-01;07/04/2022 13:35:03;57671636;INACTIVE;07/04/2022 10:58:43;07/04/2022 13:35:03
19139425700;p-svmobi-fitnesstips-c-01;28/04/2022 15:25:45;18779806;INACTIVE;25/04/2022 09:54:21;28/04/2022 15:25:45
19133462420;p-svmobi-fitnesstips-c-01;08/04/2022 11:21:46;57671636;INACTIVE;08/04/2022 11:21:27;08/04/2022 11:21:46
19136573375;p-svmobi-fitnesstips-c-01;16/04/2022 20:52:14;3451434;INACTIVE;16/04/2022 20:46:12;16/04/2022 20:52:14
15516641295;p-svmobi-fitnesstips-c-01;18/04/2022 02:41:22;22511437;INACTIVE;27/04/2021 22:26:59;17/03/2022 23:59:59
14490134968;p-svmobi-fitnesstips-c-01;25/04/2022 13:49:28;8551153;INACTIVE;20/01/2021 19:09:51;25/04/2022 13:49:28
15688879846;p-svmobi-fitnesstips-c-01;04/05/2022 01:48:16;49670875;INACTIVE;06/05/2021 21:22:50;02/04/2022 23:59:59
14515448937;p-svmobi-fitnesstips-c-01;10/04/2022 03:18:45;6638622;INACTIVE;23/01/2021 11:04:44;09/03/2022 23:59:59
15239412136;p-svmobi-fitnesstips-c-01;20/04/2022 03:49:35;38374386;INACTIVE;05/04/2021 12:15:32;19/03/2022 23:59:59
15669867347;p-svmobi-fitnesstips-c-01;03/05/2022 01:52:17;43104261;INACTIVE;05/05/2021 14:58:32;01/04/2022 23:59:59
14734888630;p-svmobi-fitnesstips-c-01;12/04/2022 01:41:41;41775306;INACTIVE;15/02/2021 14:20:31;11/03/2022 23:59:59
15732067224;p-svmobi-fitnesstips-c-01;11/04/2022 10:54:57;44339265;INACTIVE;08/05/2021 13:17:44;11/04/2022 10:54:57
13669215619;p-svmobi-fitnesstips-c-01;05/05/2022 01:29:27;15077990;INACTIVE;04/11/2020 16:27:29;03/04/2022 23:59:59
19147666299;p-svmobi-fitnesstips-c-01;17/05/2022 18:26:55;58131915;INACTIVE;17/05/2022 14:05:39;18/05/2022 23:59:59
19147662789;p-svmobi-fitnesstips-c-01;17/05/2022 18:26:55;37261850;INACTIVE;17/05/2022 13:31:56;18/05/2022 23:59:59
19147664290;p-svmobi-fitnesstips-c-01;17/05/2022 18:26:55;1897172;INACTIVE;17/05/2022 13:41:58;18/05/2022 23:59:59
19147661438;p-svmobi-fitnesstips-c-01;17/05/2022 18:26:55;35127945;INACTIVE;17/05/2022 13:21:45;18/05/2022 23:59:59
15475643788;p-svmobi-fitnesstips-c-01;05/05/2022 01:46:07;56110760;INACTIVE;24/04/2021 20:48:19;03/04/2022 23:59:59
19147666130;p-svmobi-fitnesstips-c-01;17/05/2022 14:25:26;14502006;INACTIVE;17/05/2022 14:02:15;17/05/2022 14:25:26
19147653077;p-svmobi-fitnesstips-c-01;17/05/2022 11:52:19;29560739;INACTIVE;17/05/2022 11:51:36;17/05/2022 11:52:19
19147667009;p-svmobi-fitnesstips-c-01;17/05/2022 18:26:55;26759185;INACTIVE;17/05/2022 14:16:26;18/05/2022 23:59:59
19147658813;p-svmobi-fitnesstips-c-01;17/05/2022 18:26:54;31954913;INACTIVE;17/05/2022 12:41:49;18/05/2022 23:59:59
19147654431;p-svmobi-fitnesstips-c-01;17/05/2022 18:26:54;43076088;INACTIVE;17/05/2022 12:02:03;18/05/2022 23:59:59
19147660957;p-svmobi-fitnesstips-c-01;17/05/2022 18:26:55;44816766;INACTIVE;17/05/2022 13:13:30;18/05/2022 23:59:59
19147666124;p-svmobi-fitnesstips-c-01;17/05/2022 18:26:55;5793021;INACTIVE;17/05/2022 14:02:09;18/05/2022 23:59:59
19147657413;p-svmobi-fitnesstips-c-01;17/05/2022 18:26:54;43085564;INACTIVE;17/05/2022 12:26:53;18/05/2022 23:59:59
19147657426;p-svmobi-fitnesstips-c-01;17/05/2022 18:26:54;39358358;INACTIVE;17/05/2022 12:27:01;18/05/2022 23:59:59
19147660270;p-svmobi-fitnesstips-c-01;17/05/2022 18:26:55;10665039;INACTIVE;17/05/2022 13:06:04;18/05/2022 23:59:59
19147659467;p-svmobi-fitnesstips-c-01;17/05/2022 18:26:55;58030736;INACTIVE;17/05/2022 12:50:37;18/05/2022 23:59:59
19147664279;p-svmobi-fitnesstips-c-01;17/05/2022 18:26:55;39419054;INACTIVE;17/05/2022 13:41:49;18/05/2022 23:59:59
19147664455;p-svmobi-fitnesstips-c-01;17/05/2022 18:26:55;1326880;INACTIVE;17/05/2022 13:43:59;18/05/2022 23:59:59
19147657043;p-svmobi-fitnesstips-c-01;17/05/2022 18:26:54;33888848;INACTIVE;17/05/2022 12:21:16;18/05/2022 23:59:59
19147661188;p-svmobi-fitnesstips-c-01;17/05/2022 18:26:55;7304782;INACTIVE;17/05/2022 13:17:11;18/05/2022 23:59:59
19147667101;p-svmobi-fitnesstips-c-01;17/05/2022 18:26:55;21175606;INACTIVE;17/05/2022 14:17:26;18/05/2022 23:59:59
19147664277;p-svmobi-fitnesstips-c-01;17/05/2022 18:26:55;13776529;INACTIVE;17/05/2022 13:41:48;18/05/2022 23:59:59
19147664580;p-svmobi-fitnesstips-c-01;17/05/2022 18:26:55;36534728;INACTIVE;17/05/2022 13:45:30;18/05/2022 23:59:59
14949026109;p-svmobi-fitnesstips-c-01;15/05/2022 02:14:22;48965287;INACTIVE;09/03/2021 21:58:05;13/04/2022 23:59:59
19147663593;p-svmobi-fitnesstips-c-01;17/05/2022 18:26:55;20384569;INACTIVE;17/05/2022 13:37:42;18/05/2022 23:59:59
15316811214;p-svmobi-fitnesstips-c-01;18/04/2022 02:41:43;37939546;INACTIVE;12/04/2021 20:36:34;17/03/2022 23:59:59
14822581194;p-svmobi-fitnesstips-c-01;15/04/2022 04:42:25;36470438;INACTIVE;24/02/2021 14:34:35;14/03/2022 23:59:59
14945845618;p-svmobi-fitnesstips-c-01;13/05/2022 02:08:40;12077605;INACTIVE;09/03/2021 15:23:28;11/04/2022 23:59:59
14431853257;p-svmobi-fitnesstips-c-01;10/04/2022 01:58:10;35715261;INACTIVE;15/01/2021 00:23:38;09/03/2022 23:59:59
15256634130;p-svmobi-fitnesstips-c-01;16/03/2022 11:41:53;41654132;INACTIVE;06/04/2021 19:16:24;16/03/2022 11:41:53
15150192870;p-svmobi-fitnesstips-c-01;17/04/2022 02:00:44;15244771;INACTIVE;29/03/2021 01:01:12;16/03/2022 23:59:59
14354440572;p-svmobi-fitnesstips-c-01;23/05/2022 02:13:57;35714675;INACTIVE;07/01/2021 02:18:05;21/04/2022 23:59:59
14445389673;p-svmobi-fitnesstips-c-01;14/05/2022 01:58:26;12129356;INACTIVE;16/01/2021 09:57:46;12/04/2022 23:59:59
14907297120;p-svmobi-fitnesstips-c-01;04/05/2022 01:43:14;7198661;INACTIVE;05/03/2021 14:35:48;02/04/2022 23:59:59
19139390030;p-svmobi-fitnesstips-c-01;09/05/2022 13:09:50;42497778;INACTIVE;25/04/2022 11:36:15;09/05/2022 13:09:50
19139366844;p-svmobi-fitnesstips-c-01;25/04/2022 10:23:33;38467672;INACTIVE;25/04/2022 09:59:12;25/04/2022 10:23:33
19139366874;p-svmobi-fitnesstips-c-01;25/04/2022 12:16:14;29959773;INACTIVE;25/04/2022 09:59:41;25/04/2022 12:16:14
14324880204;p-svmobi-fitnesstips-c-01;15/04/2022 04:34:35;44216683;INACTIVE;04/01/2021 07:24:11;14/03/2022 23:59:59
19139380769;p-svmobi-fitnesstips-c-01;09/05/2022 15:09:31;38424288;INACTIVE;25/04/2022 10:55:50;09/05/2022 15:09:31
19139399817;p-svmobi-fitnesstips-c-01;27/04/2022 11:05:56;35032710;INACTIVE;25/04/2022 12:57:30;27/04/2022 11:05:56
19139398212;p-svmobi-fitnesstips-c-01;25/04/2022 12:47:11;284747;INACTIVE;25/04/2022 12:42:27;25/04/2022 12:47:11
19147739613;p-svmobi-fitnesstips-c-01;17/05/2022 18:26:57;34311749;INACTIVE;17/05/2022 13:02:52;18/05/2022 23:59:59
19147724811;p-svmobi-fitnesstips-c-01;17/05/2022 18:26:56;29509255;INACTIVE;17/05/2022 11:46:19;18/05/2022 23:59:59
19147743894;p-svmobi-fitnesstips-c-01;17/05/2022 18:26:58;39413688;INACTIVE;17/05/2022 13:46:06;18/05/2022 23:59:59
19147743974;p-svmobi-fitnesstips-c-01;17/05/2022 18:26:58;48701188;INACTIVE;17/05/2022 13:46:43;18/05/2022 23:59:59
19147742799;p-svmobi-fitnesstips-c-01;17/05/2022 18:26:58;38748945;INACTIVE;17/05/2022 13:36:10;18/05/2022 23:59:59
19147746000;p-svmobi-fitnesstips-c-01;17/05/2022 18:26:58;22746505;INACTIVE;17/05/2022 14:11:44;18/05/2022 23:59:59
19139366914;p-svmobi-fitnesstips-c-01;05/05/2022 16:40:40;13054805;INACTIVE;25/04/2022 10:00:21;05/05/2022 16:40:40
19147741629;p-svmobi-fitnesstips-c-01;17/05/2022 18:26:58;38103808;INACTIVE;17/05/2022 13:27:34;18/05/2022 23:59:59
19147730311;p-svmobi-fitnesstips-c-01;17/05/2022 18:26:56;15238260;INACTIVE;17/05/2022 12:12:16;18/05/2022 23:59:59
19147739101;p-svmobi-fitnesstips-c-01;17/05/2022 18:26:57;2403704;INACTIVE;17/05/2022 12:56:35;18/05/2022 23:59:59
19147740878;p-svmobi-fitnesstips-c-01;17/05/2022 13:18:24;33501799;INACTIVE;17/05/2022 13:16:03;17/05/2022 13:18:24
19147734423;p-svmobi-fitnesstips-c-01;17/05/2022 18:26:57;55589649;INACTIVE;17/05/2022 12:27:43;18/05/2022 23:59:59
19147724903;p-svmobi-fitnesstips-c-01;17/05/2022 18:26:56;2600581;INACTIVE;17/05/2022 11:46:52;18/05/2022 23:59:59
19147727949;p-svmobi-fitnesstips-c-01;17/05/2022 12:19:47;11615498;INACTIVE;17/05/2022 12:02:34;17/05/2022 12:19:47
19147737208;p-svmobi-fitnesstips-c-01;17/05/2022 18:26:57;18121783;INACTIVE;17/05/2022 12:40:48;18/05/2022 23:59:59
19147737112;p-svmobi-fitnesstips-c-01;17/05/2022 14:49:23;17897043;INACTIVE;17/05/2022 12:39:56;17/05/2022 14:49:23
19147735192;p-svmobi-fitnesstips-c-01;17/05/2022 18:26:57;29411504;INACTIVE;17/05/2022 12:33:11;18/05/2022 23:59:59
19147746614;p-svmobi-fitnesstips-c-01;17/05/2022 18:26:58;19765148;INACTIVE;17/05/2022 14:16:44;18/05/2022 23:59:59
19147726635;p-svmobi-fitnesstips-c-01;17/05/2022 18:26:56;34839569;INACTIVE;17/05/2022 11:57:20;18/05/2022 23:59:59
19147737231;p-svmobi-fitnesstips-c-01;17/05/2022 18:26:57;55142904;INACTIVE;17/05/2022 12:41:02;18/05/2022 23:59:59
19147737298;p-svmobi-fitnesstips-c-01;17/05/2022 18:26:57;42202878;INACTIVE;17/05/2022 12:41:50;18/05/2022 23:59:59
19147737549;p-svmobi-fitnesstips-c-01;17/05/2022 18:26:57;57693944;INACTIVE;17/05/2022 12:45:11;18/05/2022 23:59:59
19136665546;p-svmobi-fitnesstips-c-01;19/05/2022 04:18:38;16860153;INACTIVE;16/04/2022 20:13:35;17/04/2022 23:59:59
19136706946;p-svmobi-fitnesstips-c-01;16/04/2022 21:35:43;45522714;INACTIVE;16/04/2022 21:35:00;16/04/2022 21:35:43
19139367017;p-svmobi-fitnesstips-c-01;25/04/2022 10:53:00;11724243;INACTIVE;25/04/2022 10:01:58;25/04/2022 10:53:00
19139398638;p-svmobi-fitnesstips-c-01;27/04/2022 15:52:34;27980875;INACTIVE;25/04/2022 12:46:26;27/04/2022 15:52:34
19139382557;p-svmobi-fitnesstips-c-01;25/04/2022 20:09:36;36620467;INACTIVE;25/04/2022 11:01:14;25/04/2022 20:09:36
15738723013;p-svmobi-fitnesstips-c-01;08/05/2022 01:50:29;879357;INACTIVE;08/05/2021 21:11:43;06/04/2022 23:59:59
15248184862;p-svmobi-fitnesstips-c-01;07/05/2022 01:50:22;28583557;INACTIVE;06/04/2021 08:04:22;05/04/2022 23:59:59
19147747209;p-svmobi-fitnesstips-c-01;17/05/2022 18:26:58;23650761;INACTIVE;17/05/2022 14:22:31;18/05/2022 23:59:59
19147735073;p-svmobi-fitnesstips-c-01;17/05/2022 18:26:57;33107852;INACTIVE;17/05/2022 12:32:22;18/05/2022 23:59:59
19147740581;p-svmobi-fitnesstips-c-01;17/05/2022 18:26:58;10632659;INACTIVE;17/05/2022 13:11:35;18/05/2022 23:59:59
19147729312;p-svmobi-fitnesstips-c-01;17/05/2022 18:26:56;34452013;INACTIVE;17/05/2022 12:07:01;18/05/2022 23:59:59
19147740840;p-svmobi-fitnesstips-c-01;17/05/2022 18:26:58;36599957;INACTIVE;17/05/2022 13:15:38;18/05/2022 23:59:59
19147729838;p-svmobi-fitnesstips-c-01;17/05/2022 18:26:56;270868;INACTIVE;17/05/2022 12:09:34;18/05/2022 23:59:59
19147728434;p-svmobi-fitnesstips-c-01;17/05/2022 18:26:56;336634;INACTIVE;17/05/2022 12:03:50;18/05/2022 23:59:59
19139367026;p-svmobi-fitnesstips-c-01;25/04/2022 10:46:51;14697400;INACTIVE;25/04/2022 10:02:04;25/04/2022 10:46:51
19147725565;p-svmobi-fitnesstips-c-01;17/05/2022 16:10:00;7494766;INACTIVE;17/05/2022 11:50:17;17/05/2022 16:10:00
19147734501;p-svmobi-fitnesstips-c-01;17/05/2022 18:26:57;48407838;INACTIVE;17/05/2022 12:28:11;18/05/2022 23:59:59
19147744353;p-svmobi-fitnesstips-c-01;17/05/2022 18:26:58;46892137;INACTIVE;17/05/2022 13:50:50;18/05/2022 23:59:59
19147726501;p-svmobi-fitnesstips-c-01;17/05/2022 18:26:56;5154752;INACTIVE;17/05/2022 11:56:30;18/05/2022 23:59:59
19147747381;p-svmobi-fitnesstips-c-01;17/05/2022 18:26:58;30341056;INACTIVE;17/05/2022 14:24:21;18/05/2022 23:59:59
19147731288;p-svmobi-fitnesstips-c-01;17/05/2022 18:26:57;8038252;INACTIVE;17/05/2022 12:17:09;18/05/2022 23:59:59
19147741454;p-svmobi-fitnesstips-c-01;17/05/2022 18:26:58;46052700;INACTIVE;17/05/2022 13:25:59;18/05/2022 23:59:59
19147745721;p-svmobi-fitnesstips-c-01;17/05/2022 15:16:23;38023290;INACTIVE;17/05/2022 14:07:08;17/05/2022 15:16:23
19147731280;p-svmobi-fitnesstips-c-01;17/05/2022 18:26:57;50396278;INACTIVE;17/05/2022 12:17:03;18/05/2022 23:59:59
19139389304;p-svmobi-fitnesstips-c-01;25/04/2022 11:35:54;9591741;INACTIVE;25/04/2022 11:31:09;25/04/2022 11:35:54
15243302591;p-svmobi-fitnesstips-c-01;30/04/2022 00:01:59;8441614;INACTIVE;05/04/2021 18:00:45;30/04/2022 00:01:59
12592087392;p-svmobi-gamebar-c-01;13/05/2022 01:46:28;32077834;INACTIVE;26/08/2020 09:46:56;11/04/2022 23:59:59
15613810858;p-svmobi-gamebar-c-01;20/04/2022 03:58:10;31472847;INACTIVE;03/05/2021 11:59:16;19/03/2022 23:59:59
15271158437;p-svmobi-gamebar-c-01;30/04/2022 00:01:35;8441614;INACTIVE;08/04/2021 08:45:06;30/04/2022 00:01:35
12104413776;p-svmobi-gamebar-c-01;15/04/2022 04:07:04;47054655;INACTIVE;29/07/2020 15:53:52;14/03/2022 23:59:59
19139451846;p-svmobi-gamebar-c-01;25/04/2022 13:36:04;33413306;INACTIVE;25/04/2022 12:23:17;25/04/2022 13:36:04
19139415056;p-svmobi-gamebar-c-01;26/04/2022 16:38:32;26158329;INACTIVE;25/04/2022 08:16:29;26/04/2022 16:38:32
19137786926;p-svmobi-gamebar-c-01;07/05/2022 06:24:57;54829334;INACTIVE;20/04/2022 13:58:03;07/05/2022 06:24:57
19139426181;p-svmobi-gamebar-c-01;03/05/2022 07:44:17;45041099;INACTIVE;25/04/2022 10:01:55;03/05/2022 07:44:17
19139414536;p-svmobi-gamebar-c-01;25/04/2022 15:07:03;36003204;INACTIVE;25/04/2022 08:06:24;25/04/2022 15:07:03
19138003974;p-svmobi-gamebar-c-01;21/04/2022 16:30:58;30532181;INACTIVE;21/04/2022 09:28:32;21/04/2022 16:30:58
19137996390;p-svmobi-gamebar-c-01;12/05/2022 20:22:34;32677309;INACTIVE;21/04/2022 08:00:36;12/05/2022 20:22:34
14851027259;p-svmobi-gamebar-c-01;01/05/2022 11:37:46;35983964;INACTIVE;27/02/2021 14:25:33;30/03/2022 23:59:59
19139426781;p-svmobi-gamebar-c-01;12/05/2022 17:15:03;9694835;INACTIVE;25/04/2022 10:12:14;12/05/2022 17:15:03
19139448818;p-svmobi-gamebar-c-01;25/04/2022 19:27:55;10420524;INACTIVE;25/04/2022 11:51:42;25/04/2022 19:27:55
19139445313;p-svmobi-gamebar-c-01;25/04/2022 14:10:40;49816524;INACTIVE;25/04/2022 11:31:28;25/04/2022 14:10:40
19137997211;p-svmobi-gamebar-c-01;21/04/2022 08:15:36;47926122;INACTIVE;21/04/2022 08:11:50;21/04/2022 08:15:36
19137986566;p-svmobi-gamebar-c-01;21/04/2022 07:08:40;15635111;INACTIVE;21/04/2022 04:43:08;21/04/2022 07:08:40
19138384667;p-svmobi-gamebar-c-01;22/04/2022 11:29:02;9712555;INACTIVE;22/04/2022 11:01:47;22/04/2022 11:29:02
19137985479;p-svmobi-gamebar-c-01;02/05/2022 08:13:17;49503577;INACTIVE;21/04/2022 04:01:55;02/05/2022 08:13:17
19138350231;p-svmobi-gamebar-c-01;23/04/2022 22:44:52;7287610;INACTIVE;22/04/2022 04:32:41;23/04/2022 22:44:52
19138348834;p-svmobi-gamebar-c-01;23/04/2022 17:39:23;33536555;INACTIVE;22/04/2022 03:40:24;23/04/2022 17:39:23
19137985582;p-svmobi-gamebar-c-01;21/04/2022 05:09:52;44677283;INACTIVE;21/04/2022 04:04:37;21/04/2022 05:09:52
19137987024;p-svmobi-gamebar-c-01;16/05/2022 07:00:13;3769888;INACTIVE;21/04/2022 04:56:34;16/05/2022 07:00:13
14490476910;p-svmobi-gamebar-c-01;14/04/2022 01:59:12;45829146;INACTIVE;20/01/2021 19:36:51;13/03/2022 23:59:59
19139134409;p-svmobi-gamebar-c-01;04/05/2022 20:48:33;861314;INACTIVE;24/04/2022 14:17:25;25/04/2022 23:59:59
19139132320;p-svmobi-gamebar-c-01;04/05/2022 20:48:33;19551130;INACTIVE;24/04/2022 13:57:03;25/04/2022 23:59:59
19139132239;p-svmobi-gamebar-c-01;04/05/2022 20:48:33;26739335;INACTIVE;24/04/2022 13:55:38;25/04/2022 23:59:59
19139132532;p-svmobi-gamebar-c-01;04/05/2022 20:48:33;23832665;INACTIVE;24/04/2022 14:00:58;03/05/2022 23:59:59
19139414891;p-svmobi-beautytips-c-01;25/04/2022 14:48:50;32840453;INACTIVE;25/04/2022 08:15:13;25/04/2022 14:48:50
19139137297;p-svmobi-beautytips-c-01;04/05/2022 20:48:33;43367412;INACTIVE;24/04/2022 14:46:40;05/05/2022 23:59:59
19139137358;p-svmobi-beautytips-c-01;04/05/2022 20:48:33;13776529;INACTIVE;24/04/2022 14:47:28;05/05/2022 23:59:59
19139212520;p-svmobi-beautytips-c-01;04/05/2022 20:48:34;11304311;INACTIVE;24/04/2022 14:52:17;26/04/2022 23:59:59
19139212732;p-svmobi-beautytips-c-01;04/05/2022 20:48:34;42142957;INACTIVE;24/04/2022 14:56:10;05/05/2022 23:59:59
19139212161;p-svmobi-beautytips-c-01;02/05/2022 11:25:50;3262707;INACTIVE;24/04/2022 14:46:42;02/05/2022 11:25:50
19139212417;p-svmobi-beautytips-c-01;04/05/2022 20:48:34;579932;INACTIVE;24/04/2022 14:50:35;25/04/2022 23:59:59
19139137676;p-svmobi-beautytips-c-01;29/04/2022 05:56:51;618517;INACTIVE;24/04/2022 14:51:40;29/04/2022 05:56:51
19139137812;p-svmobi-beautytips-c-01;25/04/2022 09:22:17;4091823;INACTIVE;24/04/2022 14:53:33;25/04/2022 09:22:17
19139212234;p-svmobi-beautytips-c-01;04/05/2022 20:48:34;55150850;INACTIVE;24/04/2022 14:47:36;26/04/2022 23:59:59
19147655114;p-svmobi-beautytips-c-01;17/05/2022 18:26:54;19677613;INACTIVE;17/05/2022 12:05:31;18/05/2022 23:59:59
19147667574;p-svmobi-beautytips-c-01;17/05/2022 18:26:56;36805619;INACTIVE;17/05/2022 14:22:25;18/05/2022 23:59:59
19147653042;p-svmobi-beautytips-c-01;17/05/2022 18:26:54;55498758;INACTIVE;17/05/2022 11:51:33;18/05/2022 23:59:59
19147665542;p-svmobi-beautytips-c-01;17/05/2022 18:26:55;11534223;INACTIVE;17/05/2022 13:56:54;18/05/2022 23:59:59
19147662778;p-svmobi-beautytips-c-01;17/05/2022 18:26:55;38182878;INACTIVE;17/05/2022 13:31:53;18/05/2022 23:59:59
19147664263;p-svmobi-beautytips-c-01;17/05/2022 18:26:55;22746505;INACTIVE;17/05/2022 13:41:38;18/05/2022 23:59:59
19147652311;p-svmobi-beautytips-c-01;17/05/2022 18:26:54;51771741;INACTIVE;17/05/2022 11:46:59;18/05/2022 23:59:59
19147663407;p-svmobi-beautytips-c-01;17/05/2022 18:26:55;3900034;INACTIVE;17/05/2022 13:36:17;18/05/2022 23:59:59
19147668465;p-svmobi-beautytips-c-01;17/05/2022 18:26:56;27083071;INACTIVE;17/05/2022 14:31:34;18/05/2022 23:59:59
19147663383;p-svmobi-beautytips-c-01;17/05/2022 18:26:55;27536492;INACTIVE;17/05/2022 13:36:05;18/05/2022 23:59:59
19147655282;p-svmobi-beautytips-c-01;17/05/2022 18:26:54;20837140;INACTIVE;17/05/2022 12:06:40;18/05/2022 23:59:59
19147667512;p-svmobi-beautytips-c-01;17/05/2022 18:26:55;37925588;INACTIVE;17/05/2022 14:21:33;18/05/2022 23:59:59
19147662621;p-svmobi-beautytips-c-01;17/05/2022 18:26:55;3905492;INACTIVE;17/05/2022 13:30:59;18/05/2022 23:59:59
15149335979;p-svmobi-beautytips-c-01;15/05/2022 02:08:44;7013836;INACTIVE;28/03/2021 22:21:30;13/04/2022 23:59:59
15149401036;p-svmobi-beautytips-c-01;03/05/2022 11:33:10;17353029;INACTIVE;28/03/2021 22:38:07;03/05/2022 11:33:10
15149531221;p-svmobi-beautytips-c-01;20/05/2022 02:01:14;15386069;INACTIVE;29/03/2021 00:07:34;18/04/2022 23:59:59
19139424350;p-svmobi-beautytips-c-01;25/04/2022 12:00:12;11676942;INACTIVE;25/04/2022 09:42:18;25/04/2022 12:00:12
19139422308;p-svmobi-beautytips-c-01;27/04/2022 17:42:50;17700906;INACTIVE;25/04/2022 09:21:12;27/04/2022 17:42:50
19139302828;p-svmobi-beautytips-c-01;25/04/2022 09:46:44;5543;INACTIVE;25/04/2022 04:21:32;25/04/2022 09:46:44
19139413936;p-svmobi-beautytips-c-01;25/04/2022 07:59:48;16512884;INACTIVE;25/04/2022 07:58:04;25/04/2022 07:59:48
19139414525;p-svmobi-beautytips-c-01;30/04/2022 16:15:06;56007069;INACTIVE;25/04/2022 08:06:11;30/04/2022 16:15:06
19139422379;p-svmobi-beautytips-c-01;25/04/2022 09:43:06;4706536;INACTIVE;25/04/2022 09:22:15;25/04/2022 09:43:06
19133117285;p-svmobi-beautytips-c-01;25/04/2022 16:45:06;58047905;INACTIVE;07/04/2022 14:26:54;25/04/2022 16:45:06
12984455650;p-svmobi-beautytips-c-01;14/04/2022 01:43:25;417067;INACTIVE;18/09/2020 10:27:59;13/03/2022 23:59:59
19139212228;p-svmobi-beautytips-c-01;04/05/2022 20:48:34;33225925;INACTIVE;24/04/2022 14:47:33;28/04/2022 23:59:59
19139212397;p-svmobi-beautytips-c-01;04/05/2022 20:48:34;39880930;INACTIVE;24/04/2022 14:50:10;25/04/2022 23:59:59
19147659822;p-svmobi-beautytips-c-01;17/05/2022 18:26:55;10953144;INACTIVE;17/05/2022 12:56:45;18/05/2022 23:59:59
19147667883;p-svmobi-beautytips-c-01;17/05/2022 18:26:56;6743777;INACTIVE;17/05/2022 14:26:44;18/05/2022 23:59:59
19147657925;p-svmobi-beautytips-c-01;17/05/2022 18:26:54;8984505;INACTIVE;17/05/2022 12:36:31;18/05/2022 23:59:59
19147653957;p-svmobi-beautytips-c-01;17/05/2022 18:26:54;25330730;INACTIVE;17/05/2022 12:00:49;18/05/2022 23:59:59
19147661448;p-svmobi-beautytips-c-01;17/05/2022 18:26:55;9641765;INACTIVE;17/05/2022 13:21:52;18/05/2022 23:59:59
19147661456;p-svmobi-beautytips-c-01;17/05/2022 18:26:55;14273319;INACTIVE;17/05/2022 13:21:58;18/05/2022 23:59:59
19147663366;p-svmobi-beautytips-c-01;17/05/2022 18:26:55;40921907;INACTIVE;17/05/2022 13:36:01;18/05/2022 23:59:59
19147663171;p-svmobi-beautytips-c-01;17/05/2022 18:26:55;24122597;INACTIVE;17/05/2022 13:34:29;18/05/2022 23:59:59
19147663656;p-svmobi-beautytips-c-01;17/05/2022 18:26:55;12583842;INACTIVE;17/05/2022 13:38:28;18/05/2022 23:59:59
19147668185;p-svmobi-beautytips-c-01;17/05/2022 18:26:56;43143537;INACTIVE;17/05/2022 14:30:59;18/05/2022 23:59:59
19147661414;p-svmobi-beautytips-c-01;17/05/2022 18:26:55;22954357;INACTIVE;17/05/2022 13:21:19;18/05/2022 23:59:59
19147660802;p-svmobi-beautytips-c-01;17/05/2022 18:26:55;2363070;INACTIVE;17/05/2022 13:11:09;18/05/2022 23:59:59
19147666642;p-svmobi-beautytips-c-01;17/05/2022 18:26:55;11130839;INACTIVE;17/05/2022 14:12:51;18/05/2022 23:59:59
19147667555;p-svmobi-beautytips-c-01;17/05/2022 18:26:55;37732626;INACTIVE;17/05/2022 14:22:08;18/05/2022 23:59:59
19147667571;p-svmobi-beautytips-c-01;17/05/2022 18:26:56;16658184;INACTIVE;17/05/2022 14:22:23;18/05/2022 23:59:59
15128174043;p-svmobi-beautytips-c-01;18/05/2022 02:13:27;43294917;INACTIVE;27/03/2021 09:40:44;16/04/2022 23:59:59
19139362607;p-svmobi-beautytips-c-01;25/04/2022 09:14:45;14534182;INACTIVE;25/04/2022 09:13:27;25/04/2022 09:14:45
19139363358;p-svmobi-beautytips-c-01;25/04/2022 09:23:11;35858166;INACTIVE;25/04/2022 09:21:24;25/04/2022 09:23:11
19147731090;p-svmobi-beautytips-c-01;17/05/2022 18:26:56;24875068;INACTIVE;17/05/2022 12:15:43;18/05/2022 23:59:59
19147740585;p-svmobi-beautytips-c-01;17/05/2022 18:26:58;38542586;INACTIVE;17/05/2022 13:11:38;18/05/2022 23:59:59
19147724701;p-svmobi-beautytips-c-01;17/05/2022 18:26:56;40158564;INACTIVE;17/05/2022 11:45:48;18/05/2022 23:59:59
19147729584;p-svmobi-beautytips-c-01;17/05/2022 12:19:06;902133;INACTIVE;17/05/2022 12:08:28;17/05/2022 12:19:06
19147746653;p-svmobi-beautytips-c-01;17/05/2022 18:26:58;45471356;INACTIVE;17/05/2022 14:17:07;18/05/2022 23:59:59
19147740244;p-svmobi-beautytips-c-01;17/05/2022 18:26:57;1697129;INACTIVE;17/05/2022 13:07:16;18/05/2022 23:59:59
19147726141;p-svmobi-beautytips-c-01;17/05/2022 18:26:56;54599235;INACTIVE;17/05/2022 11:53:48;18/05/2022 23:59:59
19147747081;p-svmobi-beautytips-c-01;17/05/2022 15:05:03;36227833;INACTIVE;17/05/2022 14:21:26;17/05/2022 15:05:03
19147724805;p-svmobi-beautytips-c-01;17/05/2022 18:26:56;18812257;INACTIVE;17/05/2022 11:46:17;18/05/2022 23:59:59
19147735668;p-svmobi-beautytips-c-01;17/05/2022 18:26:57;30584400;INACTIVE;17/05/2022 12:36:30;18/05/2022 23:59:59
19147746643;p-svmobi-beautytips-c-01;17/05/2022 18:26:58;46824541;INACTIVE;17/05/2022 14:16:59;18/05/2022 23:59:59
19139354758;p-svmobi-beautytips-c-01;25/04/2022 08:05:11;11850677;INACTIVE;25/04/2022 08:03:58;25/04/2022 08:05:11
19147741201;p-svmobi-beautytips-c-01;17/05/2022 18:26:58;13543111;INACTIVE;17/05/2022 13:21:24;18/05/2022 23:59:59
19147735745;p-svmobi-beautytips-c-01;17/05/2022 18:26:57;47358923;INACTIVE;17/05/2022 12:37:17;18/05/2022 23:59:59
19147735861;p-svmobi-beautytips-c-01;17/05/2022 18:26:57;22621115;INACTIVE;17/05/2022 12:37:56;18/05/2022 23:59:59
19147738700;p-svmobi-beautytips-c-01;17/05/2022 18:26:57;49101635;INACTIVE;17/05/2022 12:51:47;18/05/2022 23:59:59
19147738728;p-svmobi-beautytips-c-01;17/05/2022 18:26:57;7869726;INACTIVE;17/05/2022 12:52:02;18/05/2022 23:59:59
15143231882;p-svmobi-beautytips-c-01;23/03/2022 04:00:42;34206592;INACTIVE;28/03/2021 12:47:05;23/03/2022 04:00:42
15149738244;p-svmobi-beautytips-c-01;15/05/2022 02:06:42;14050441;INACTIVE;29/03/2021 00:20:47;13/04/2022 23:59:59
19139365521;p-svmobi-beautytips-c-01;25/04/2022 10:02:23;42697805;INACTIVE;25/04/2022 09:43:33;25/04/2022 10:02:23
19139365758;p-svmobi-beautytips-c-01;10/05/2022 15:54:13;9641765;INACTIVE;25/04/2022 09:45:36;10/05/2022 15:54:13
19147747609;p-svmobi-beautytips-c-01;17/05/2022 18:26:58;7283704;INACTIVE;17/05/2022 14:26:48;18/05/2022 23:59:59
19147742317;p-svmobi-beautytips-c-01;17/05/2022 13:33:35;8475397;INACTIVE;17/05/2022 13:31:30;17/05/2022 13:33:35
19147742246;p-svmobi-beautytips-c-01;17/05/2022 18:26:58;41200318;INACTIVE;17/05/2022 13:30:59;18/05/2022 23:59:59
19147726573;p-svmobi-beautytips-c-01;17/05/2022 18:26:56;43102324;INACTIVE;17/05/2022 11:57:01;18/05/2022 23:59:59
19147744409;p-svmobi-beautytips-c-01;17/05/2022 18:26:58;58041913;INACTIVE;17/05/2022 13:51:33;18/05/2022 23:59:59
19147724854;p-svmobi-beautytips-c-01;17/05/2022 18:26:56;7484049;INACTIVE;17/05/2022 11:46:37;18/05/2022 23:59:59
19147745076;p-svmobi-beautytips-c-01;17/05/2022 18:26:58;48968384;INACTIVE;17/05/2022 14:01:14;18/05/2022 23:59:59
19147747873;p-svmobi-beautytips-c-01;17/05/2022 18:26:58;58034272;INACTIVE;17/05/2022 14:30:55;18/05/2022 23:59:59
19147727240;p-svmobi-beautytips-c-01;17/05/2022 18:26:56;38941532;INACTIVE;17/05/2022 12:01:31;18/05/2022 23:59:59
19147727479;p-svmobi-beautytips-c-01;17/05/2022 18:26:56;42935913;INACTIVE;17/05/2022 12:01:53;18/05/2022 23:59:59
19147733117;p-svmobi-beautytips-c-01;17/05/2022 18:26:57;6979252;INACTIVE;17/05/2022 12:19:50;18/05/2022 23:59:59
19147733221;p-svmobi-beautytips-c-01;17/05/2022 18:26:57;50714050;INACTIVE;17/05/2022 12:20:29;18/05/2022 23:59:59
19139342609;p-svmobi-beautytips-c-01;26/04/2022 06:03:57;2775764;INACTIVE;25/04/2022 04:20:13;26/04/2022 06:03:57
19147731287;p-svmobi-beautytips-c-01;17/05/2022 18:26:57;52081554;INACTIVE;17/05/2022 12:17:08;18/05/2022 23:59:59
19147733344;p-svmobi-beautytips-c-01;17/05/2022 18:26:57;18760353;INACTIVE;17/05/2022 12:21:07;18/05/2022 23:59:59
19147739108;p-svmobi-beautytips-c-01;17/05/2022 18:26:57;15728528;INACTIVE;17/05/2022 12:56:39;18/05/2022 23:59:59
19147741491;p-svmobi-beautytips-c-01;17/05/2022 18:26:58;18834212;INACTIVE;17/05/2022 13:26:37;18/05/2022 23:59:59
19147745927;p-svmobi-beautytips-c-01;17/05/2022 18:26:58;1093309;INACTIVE;17/05/2022 14:10:55;18/05/2022 23:59:59
19147724482;p-svmobi-beautytips-c-01;17/05/2022 12:20:25;3411997;INACTIVE;17/05/2022 11:44:20;17/05/2022 12:20:25
19147747581;p-svmobi-beautytips-c-01;17/05/2022 18:26:58;27731737;INACTIVE;17/05/2022 14:26:29;18/05/2022 23:59:59
19147725733;p-svmobi-beautytips-c-01;17/05/2022 18:26:56;3162869;INACTIVE;17/05/2022 11:50:43;18/05/2022 23:59:59
19147739134;p-svmobi-beautytips-c-01;17/05/2022 18:26:57;5125071;INACTIVE;17/05/2022 12:56:57;18/05/2022 23:59:59
19147739315;p-svmobi-beautytips-c-01;17/05/2022 18:26:57;2403704;INACTIVE;17/05/2022 12:59:25;18/05/2022 23:59:59
19147730421;p-svmobi-beautytips-c-01;17/05/2022 18:26:56;48435374;INACTIVE;17/05/2022 12:12:57;18/05/2022 23:59:59
19147733498;p-svmobi-beautytips-c-01;17/05/2022 18:26:57;29550655;INACTIVE;17/05/2022 12:21:54;18/05/2022 23:59:59
14341476542;p-svmobi-fitnesstips-c-01;06/05/2022 01:44:07;2719830;INACTIVE;05/01/2021 18:17:08;04/04/2022 23:59:59
15237439542;p-svmobi-fitnesstips-c-01;31/03/2022 08:15:44;20930490;INACTIVE;05/04/2021 10:05:18;30/03/2022 22:14:34
15023287898;p-svmobi-fitnesstips-c-01;04/05/2022 01:37:23;27906510;INACTIVE;17/03/2021 16:25:06;02/04/2022 23:59:59
14816516269;p-svmobi-fitnesstips-c-01;12/05/2022 08:20:44;44828594;INACTIVE;23/02/2021 23:20:43;12/05/2022 08:20:44
19139426096;p-svmobi-fitnesstips-c-01;25/04/2022 21:44:22;43838147;INACTIVE;25/04/2022 10:00:12;25/04/2022 21:44:22
19139426140;p-svmobi-fitnesstips-c-01;25/04/2022 14:03:18;37957603;INACTIVE;25/04/2022 10:00:52;25/04/2022 14:03:18
19139453980;p-svmobi-fitnesstips-c-01;25/04/2022 13:20:56;14321200;INACTIVE;25/04/2022 12:51:16;25/04/2022 13:20:56
19139451702;p-svmobi-fitnesstips-c-01;25/04/2022 12:54:32;12100476;INACTIVE;25/04/2022 12:21:29;25/04/2022 12:54:32
19139447065;p-svmobi-fitnesstips-c-01;10/05/2022 09:54:55;43074627;INACTIVE;25/04/2022 11:41:34;10/05/2022 09:54:55
19139449400;p-svmobi-fitnesstips-c-01;30/04/2022 22:07:22;48584426;INACTIVE;25/04/2022 11:56:36;30/04/2022 22:07:22
19139450206;p-svmobi-fitnesstips-c-01;25/04/2022 12:31:07;32853402;INACTIVE;25/04/2022 12:06:35;25/04/2022 12:31:07
19139454034;p-svmobi-fitnesstips-c-01;25/04/2022 19:19:31;37656956;INACTIVE;25/04/2022 12:51:57;25/04/2022 19:19:31
19139449330;p-svmobi-fitnesstips-c-01;06/05/2022 07:17:53;55531470;INACTIVE;25/04/2022 11:55:57;06/05/2022 07:17:53
19139432323;p-svmobi-fitnesstips-c-01;20/05/2022 09:34:04;17178720;INACTIVE;25/04/2022 10:36:02;20/05/2022 09:34:04
19139426237;p-svmobi-fitnesstips-c-01;01/05/2022 02:40:26;30803939;INACTIVE;25/04/2022 10:03:05;01/05/2022 02:40:26
19139427017;p-svmobi-fitnesstips-c-01;25/04/2022 10:39:52;775428;INACTIVE;25/04/2022 10:15:41;25/04/2022 10:39:52
19139425854;p-svmobi-fitnesstips-c-01;26/04/2022 04:24:04;2273176;INACTIVE;25/04/2022 09:55:57;26/04/2022 04:24:04
19139425687;p-svmobi-fitnesstips-c-01;28/04/2022 08:51:02;45271909;INACTIVE;25/04/2022 09:54:13;28/04/2022 08:51:02
19139435491;p-svmobi-fitnesstips-c-01;25/04/2022 10:51:04;21732067;INACTIVE;25/04/2022 10:47:26;25/04/2022 10:51:04
15366268796;p-svmobi-fitnesstips-c-01;08/05/2022 19:30:29;46633074;INACTIVE;17/04/2021 18:20:39;08/05/2022 19:30:29
15272915737;p-svmobi-fitnesstips-c-01;18/04/2022 03:51:22;48027727;INACTIVE;08/04/2021 12:51:31;17/03/2022 23:59:59
15677573624;p-svmobi-fitnesstips-c-01;04/05/2022 01:43:13;55637664;INACTIVE;06/05/2021 08:24:57;02/04/2022 23:59:59
14782994835;p-svmobi-fitnesstips-c-01;05/05/2022 15:36:25;6139874;INACTIVE;20/02/2021 12:41:45;05/05/2022 15:36:25
14318633063;p-svmobi-fitnesstips-c-01;16/03/2022 11:34:56;7137376;INACTIVE;03/01/2021 12:40:05;16/03/2022 11:34:56
14951445555;p-svmobi-fitnesstips-c-01;05/04/2022 01:41:39;18675184;INACTIVE;10/03/2021 07:48:15;04/03/2022 23:59:59
15731295807;p-svmobi-fitnesstips-c-01;31/03/2022 13:06:18;14145855;INACTIVE;08/05/2021 11:40:28;31/03/2022 13:06:18
19147664737;p-svmobi-fitnesstips-c-01;17/05/2022 18:26:55;36541707;INACTIVE;17/05/2022 13:47:10;18/05/2022 23:59:59
19147660078;p-svmobi-fitnesstips-c-01;17/05/2022 18:26:55;38482361;INACTIVE;17/05/2022 13:02:21;18/05/2022 23:59:59
19147660265;p-svmobi-fitnesstips-c-01;17/05/2022 18:26:55;52999;INACTIVE;17/05/2022 13:05:57;18/05/2022 23:59:59
19147664964;p-svmobi-fitnesstips-c-01;17/05/2022 18:26:55;12038899;INACTIVE;17/05/2022 13:50:39;18/05/2022 23:59:59
19147657897;p-svmobi-fitnesstips-c-01;17/05/2022 18:26:54;24763833;INACTIVE;17/05/2022 12:35:47;18/05/2022 23:59:59
19147657957;p-svmobi-fitnesstips-c-01;17/05/2022 18:26:54;5485153;INACTIVE;17/05/2022 12:37:26;18/05/2022 23:59:59
19147655638;p-svmobi-fitnesstips-c-01;17/05/2022 18:26:54;22546835;INACTIVE;17/05/2022 12:11:01;18/05/2022 23:59:59
19147655346;p-svmobi-fitnesstips-c-01;17/05/2022 18:26:54;43017172;INACTIVE;17/05/2022 12:07:23;18/05/2022 23:59:59
19147661114;p-svmobi-fitnesstips-c-01;17/05/2022 18:26:55;1233719;INACTIVE;17/05/2022 13:16:31;18/05/2022 23:59:59
19147661455;p-svmobi-fitnesstips-c-01;17/05/2022 18:26:55;9151730;INACTIVE;17/05/2022 13:21:58;18/05/2022 23:59:59
19147657955;p-svmobi-fitnesstips-c-01;17/05/2022 18:26:54;10477309;INACTIVE;17/05/2022 12:37:24;18/05/2022 23:59:59
19147661339;p-svmobi-fitnesstips-c-01;17/05/2022 18:26:55;24122597;INACTIVE;17/05/2022 13:19:29;18/05/2022 23:59:59
19147655270;p-svmobi-fitnesstips-c-01;17/05/2022 18:26:54;38941532;INACTIVE;17/05/2022 12:06:33;18/05/2022 23:59:59
19147661407;p-svmobi-fitnesstips-c-01;17/05/2022 18:26:55;46674750;INACTIVE;17/05/2022 13:21:14;18/05/2022 23:59:59
19147655739;p-svmobi-fitnesstips-c-01;17/05/2022 12:27:04;26120954;INACTIVE;17/05/2022 12:12:21;17/05/2022 12:27:04
19147657084;p-svmobi-fitnesstips-c-01;17/05/2022 18:26:54;1820975;INACTIVE;17/05/2022 12:22:01;18/05/2022 23:59:59
19147656156;p-svmobi-fitnesstips-c-01;17/05/2022 18:26:54;28107002;INACTIVE;17/05/2022 12:16:40;18/05/2022 23:59:59
14808482383;p-svmobi-fitnesstips-c-01;24/04/2022 01:54:19;22025622;INACTIVE;23/02/2021 02:43:52;23/03/2022 23:59:59
15225465026;p-svmobi-fitnesstips-c-01;12/05/2022 02:15:45;23690598;INACTIVE;04/04/2021 10:44:48;10/04/2022 23:59:59
14844917743;p-svmobi-fitnesstips-c-01;09/05/2022 01:50:54;20324736;INACTIVE;26/02/2021 21:30:12;07/04/2022 23:59:59
14248349480;p-svmobi-fitnesstips-c-01;31/03/2022 18:09:41;1364142;INACTIVE;27/12/2020 15:45:07;31/03/2022 18:09:41
15756747039;p-svmobi-fitnesstips-c-01;04/04/2022 19:57:49;22782411;INACTIVE;10/05/2021 08:37:38;04/04/2022 19:57:49
15282423740;p-svmobi-fitnesstips-c-01;22/05/2022 02:29:58;19439136;INACTIVE;09/04/2021 13:03:12;20/04/2022 23:59:59
14932025838;p-svmobi-fitnesstips-c-01;12/04/2022 01:49:58;46450624;INACTIVE;08/03/2021 03:39:29;11/03/2022 23:59:59
14991979088;p-svmobi-fitnesstips-c-01;20/05/2022 02:20:51;44961954;INACTIVE;14/03/2021 12:35:47;18/04/2022 23:59:59
19139398541;p-svmobi-fitnesstips-c-01;25/04/2022 12:49:44;2937881;INACTIVE;25/04/2022 12:45:48;25/04/2022 12:49:44
19139390488;p-svmobi-fitnesstips-c-01;25/04/2022 11:57:43;14169224;INACTIVE;25/04/2022 11:39:05;25/04/2022 11:57:43
19139393210;p-svmobi-fitnesstips-c-01;25/04/2022 13:05:49;857697;INACTIVE;25/04/2022 11:53:20;25/04/2022 13:05:49
19139372790;p-svmobi-fitnesstips-c-01;25/04/2022 11:36:01;29009054;INACTIVE;25/04/2022 10:32:21;25/04/2022 11:36:01
15357431059;p-svmobi-fitnesstips-c-01;23/04/2022 00:03:28;31086914;INACTIVE;16/04/2021 21:09:28;22/03/2022 23:59:59
19139367307;p-svmobi-fitnesstips-c-01;25/04/2022 10:31:53;38572133;INACTIVE;25/04/2022 10:05:45;25/04/2022 10:31:53
15249565730;p-svmobi-fitnesstips-c-01;07/05/2022 17:09:24;2989912;INACTIVE;06/04/2021 09:15:50;07/05/2022 17:09:24
19139370666;p-svmobi-fitnesstips-c-01;25/04/2022 11:43:56;8027844;INACTIVE;25/04/2022 10:23:58;25/04/2022 11:43:56
19136659470;p-svmobi-fitnesstips-c-01;23/05/2022 05:02:29;18919684;INACTIVE;16/04/2022 19:07:38;21/04/2022 23:59:59
19147730198;p-svmobi-fitnesstips-c-01;17/05/2022 18:26:56;5931404;INACTIVE;17/05/2022 12:11:45;18/05/2022 23:59:59
19147735809;p-svmobi-fitnesstips-c-01;17/05/2022 18:26:57;46503152;INACTIVE;17/05/2022 12:37:32;18/05/2022 23:59:59
19147739560;p-svmobi-fitnesstips-c-01;17/05/2022 18:26:57;14405183;INACTIVE;17/05/2022 13:02:19;18/05/2022 23:59:59
19147737750;p-svmobi-fitnesstips-c-01;17/05/2022 18:26:57;27344011;INACTIVE;17/05/2022 12:47:19;18/05/2022 23:59:59
19147745435;p-svmobi-fitnesstips-c-01;17/05/2022 18:26:58;16658184;INACTIVE;17/05/2022 14:02:12;18/05/2022 23:59:59
19147745642;p-svmobi-fitnesstips-c-01;17/05/2022 18:26:58;39876184;INACTIVE;17/05/2022 14:06:03;18/05/2022 23:59:59
19147740856;p-svmobi-fitnesstips-c-01;17/05/2022 18:26:58;19721202;INACTIVE;17/05/2022 13:15:52;18/05/2022 23:59:59
19147742244;p-svmobi-fitnesstips-c-01;17/05/2022 13:35:58;6733782;INACTIVE;17/05/2022 13:30:58;17/05/2022 13:35:58
19147742751;p-svmobi-fitnesstips-c-01;17/05/2022 18:26:58;58132233;INACTIVE;17/05/2022 13:35:44;18/05/2022 23:59:59
19147741208;p-svmobi-fitnesstips-c-01;17/05/2022 18:26:58;45837600;INACTIVE;17/05/2022 13:21:30;18/05/2022 23:59:59
19147730358;p-svmobi-fitnesstips-c-01;17/05/2022 18:26:56;12852399;INACTIVE;17/05/2022 12:12:28;18/05/2022 23:59:59
19147746687;p-svmobi-fitnesstips-c-01;17/05/2022 18:26:58;5979927;INACTIVE;17/05/2022 14:17:37;18/05/2022 23:59:59
19147747147;p-svmobi-fitnesstips-c-01;17/05/2022 14:36:34;28186817;INACTIVE;17/05/2022 14:21:56;17/05/2022 14:36:34
15025225921;p-svmobi-fitnesstips-c-01;15/05/2022 02:00:41;3949642;INACTIVE;17/03/2021 19:13:12;13/04/2022 23:59:59
19147734817;p-svmobi-fitnesstips-c-01;17/05/2022 18:26:57;57979689;INACTIVE;17/05/2022 12:30:37;18/05/2022 23:59:59
19147738787;p-svmobi-fitnesstips-c-01;17/05/2022 18:26:57;1697129;INACTIVE;17/05/2022 12:52:48;18/05/2022 23:59:59
19147745092;p-svmobi-fitnesstips-c-01;17/05/2022 18:26:58;21081132;INACTIVE;17/05/2022 14:01:32;18/05/2022 23:59:59
19147738071;p-svmobi-fitnesstips-c-01;17/05/2022 18:26:57;44790267;INACTIVE;17/05/2022 12:49:45;18/05/2022 23:59:59
19147729034;p-svmobi-fitnesstips-c-01;17/05/2022 18:26:56;18877647;INACTIVE;17/05/2022 12:06:01;18/05/2022 23:59:59
19147733553;p-svmobi-fitnesstips-c-01;17/05/2022 18:26:57;50714050;INACTIVE;17/05/2022 12:22:15;18/05/2022 23:59:59
19147739204;p-svmobi-fitnesstips-c-01;17/05/2022 18:26:57;38156330;INACTIVE;17/05/2022 12:58:06;18/05/2022 23:59:59
19147745683;p-svmobi-fitnesstips-c-01;17/05/2022 18:26:58;15693482;INACTIVE;17/05/2022 14:06:43;18/05/2022 23:59:59
19147747373;p-svmobi-fitnesstips-c-01;17/05/2022 18:26:58;14395041;INACTIVE;17/05/2022 14:24:17;18/05/2022 23:59:59
19147740521;p-svmobi-fitnesstips-c-01;17/05/2022 18:26:58;20110548;INACTIVE;17/05/2022 13:10:58;18/05/2022 23:59:59
19147740047;p-svmobi-fitnesstips-c-01;17/05/2022 18:26:57;38834120;INACTIVE;17/05/2022 13:06:41;18/05/2022 23:59:59
19147741209;p-svmobi-fitnesstips-c-01;17/05/2022 17:16:32;48338559;INACTIVE;17/05/2022 13:21:31;17/05/2022 17:16:32
19147741212;p-svmobi-fitnesstips-c-01;17/05/2022 18:26:58;7288874;INACTIVE;17/05/2022 13:21:35;18/05/2022 23:59:59
19147735705;p-svmobi-fitnesstips-c-01;17/05/2022 18:26:57;41239883;INACTIVE;17/05/2022 12:36:53;18/05/2022 23:59:59
19147738799;p-svmobi-fitnesstips-c-01;17/05/2022 18:26:57;24615561;INACTIVE;17/05/2022 12:52:57;18/05/2022 23:59:59
19147739145;p-svmobi-fitnesstips-c-01;17/05/2022 18:26:57;57781036;INACTIVE;17/05/2022 12:57:06;18/05/2022 23:59:59
19147744821;p-svmobi-fitnesstips-c-01;17/05/2022 18:26:58;16260830;INACTIVE;17/05/2022 13:56:49;18/05/2022 23:59:59
19147733413;p-svmobi-fitnesstips-c-01;17/05/2022 15:47:00;7247003;INACTIVE;17/05/2022 12:21:29;17/05/2022 15:47:00
19147733647;p-svmobi-fitnesstips-c-01;17/05/2022 18:26:57;23789677;INACTIVE;17/05/2022 12:23:03;18/05/2022 23:59:59
19147734344;p-svmobi-fitnesstips-c-01;17/05/2022 18:26:57;41517946;INACTIVE;17/05/2022 12:27:15;18/05/2022 23:59:59
19147726651;p-svmobi-fitnesstips-c-01;17/05/2022 12:55:18;3919701;INACTIVE;17/05/2022 11:57:30;17/05/2022 12:55:18
19147745454;p-svmobi-fitnesstips-c-01;17/05/2022 18:26:58;38941998;INACTIVE;17/05/2022 14:02:40;18/05/2022 23:59:59
19147744749;p-svmobi-fitnesstips-c-01;17/05/2022 18:26:58;16778875;INACTIVE;17/05/2022 13:55:44;18/05/2022 23:59:59
19139366780;p-svmobi-fitnesstips-c-01;15/05/2022 11:04:09;37933615;INACTIVE;25/04/2022 09:58:11;15/05/2022 11:04:09
19147745116;p-svmobi-fitnesstips-c-01;17/05/2022 18:26:58;1778031;INACTIVE;17/05/2022 14:01:33;18/05/2022 23:59:59
19147739885;p-svmobi-fitnesstips-c-01;17/05/2022 18:26:57;39261558;INACTIVE;17/05/2022 13:06:30;18/05/2022 23:59:59
19147744770;p-svmobi-fitnesstips-c-01;17/05/2022 13:57:31;40524883;INACTIVE;17/05/2022 13:56:09;17/05/2022 13:57:31
19147734197;p-svmobi-fitnesstips-c-01;17/05/2022 18:26:57;42773822;INACTIVE;17/05/2022 12:26:10;18/05/2022 23:59:59
19139391858;p-svmobi-fitnesstips-c-01;16/05/2022 12:10:26;40744313;INACTIVE;25/04/2022 11:46:00;16/05/2022 12:10:26
19139385996;p-svmobi-fitnesstips-c-01;26/04/2022 12:01:22;43282067;INACTIVE;25/04/2022 11:16:11;26/04/2022 12:01:22
19139386031;p-svmobi-fitnesstips-c-01;25/04/2022 11:17:06;37683142;INACTIVE;25/04/2022 11:16:20;25/04/2022 11:17:06
19139414603;p-svmobi-gamebar-c-01;03/05/2022 14:55:07;40770728;INACTIVE;25/04/2022 08:08:22;03/05/2022 14:55:07
15560246001;p-svmobi-gamebar-c-01;18/05/2022 17:41:18;30802711;INACTIVE;01/05/2021 08:21:53;18/05/2022 17:41:18
19139425784;p-svmobi-gamebar-c-01;25/04/2022 10:08:44;22696220;INACTIVE;25/04/2022 09:55:27;25/04/2022 10:08:44
19139453967;p-svmobi-gamebar-c-01;09/05/2022 11:12:57;9980704;INACTIVE;25/04/2022 12:51:07;09/05/2022 11:12:56
19139447071;p-svmobi-gamebar-c-01;26/04/2022 13:06:19;16802931;INACTIVE;25/04/2022 11:41:36;26/04/2022 13:06:19
19139366565;p-svmobi-gamebar-c-01;10/05/2022 15:54:13;9641765;INACTIVE;25/04/2022 09:55:17;10/05/2022 15:54:13
19139414529;p-svmobi-gamebar-c-01;25/04/2022 13:21:57;30987407;INACTIVE;25/04/2022 08:06:17;25/04/2022 13:21:57
19137996219;p-svmobi-gamebar-c-01;01/05/2022 10:40:35;4417622;INACTIVE;21/04/2022 07:55:32;01/05/2022 10:40:35
19137787083;p-svmobi-gamebar-c-01;23/05/2022 03:47:20;56386452;INACTIVE;20/04/2022 14:00:10;21/04/2022 23:59:59
19133462646;p-svmobi-gamebar-c-01;08/04/2022 11:24:20;57671636;INACTIVE;08/04/2022 11:24:03;08/04/2022 11:24:20
15198734421;p-svmobi-gamebar-c-01;06/04/2022 01:48:52;22606006;INACTIVE;02/04/2021 07:42:39;05/03/2022 23:59:59
19139440573;p-svmobi-gamebar-c-01;25/04/2022 15:17:36;9308173;INACTIVE;25/04/2022 11:06:40;25/04/2022 15:17:36
19137996232;p-svmobi-gamebar-c-01;21/04/2022 08:44:05;42501255;INACTIVE;21/04/2022 07:55:56;21/04/2022 08:44:05
19139404735;p-svmobi-gamebar-c-01;25/04/2022 14:05:26;11724243;INACTIVE;25/04/2022 13:32:21;25/04/2022 14:05:26
19137715739;p-svmobi-gamebar-c-01;20/04/2022 09:26:45;44472577;INACTIVE;20/04/2022 04:11:18;20/04/2022 09:26:45
19137986911;p-svmobi-gamebar-c-01;21/04/2022 06:15:26;20600330;INACTIVE;21/04/2022 04:53:45;21/04/2022 06:15:26
19137996394;p-svmobi-gamebar-c-01;21/05/2022 17:22:17;28640974;INACTIVE;21/04/2022 08:00:38;21/05/2022 17:22:17
19137996402;p-svmobi-gamebar-c-01;21/04/2022 08:02:04;44593777;INACTIVE;21/04/2022 08:00:45;21/04/2022 08:02:04
19138384630;p-svmobi-gamebar-c-01;23/04/2022 14:10:26;49405025;INACTIVE;22/04/2022 11:01:21;23/04/2022 14:10:26
19139368035;p-svmobi-gamebar-c-01;27/04/2022 08:52:27;15421124;INACTIVE;25/04/2022 10:16:33;27/04/2022 08:52:27
19139461800;p-svmobi-gamebar-c-01;25/04/2022 19:34:06;57794498;INACTIVE;25/04/2022 14:10:31;25/04/2022 19:34:06
19139447845;p-svmobi-gamebar-c-01;26/04/2022 11:30:33;11733261;INACTIVE;25/04/2022 11:46:29;26/04/2022 11:30:33
19139463629;p-svmobi-gamebar-c-01;07/05/2022 06:45:20;26244300;INACTIVE;25/04/2022 14:22:21;07/05/2022 06:45:20
19137987007;p-svmobi-gamebar-c-01;21/04/2022 04:57:29;42869945;INACTIVE;21/04/2022 04:55:52;21/04/2022 04:57:29
19137987014;p-svmobi-gamebar-c-01;21/04/2022 04:57:48;9522760;INACTIVE;21/04/2022 04:56:02;21/04/2022 04:57:48
13131251684;p-svmobi-gamebar-c-01;16/05/2022 01:47:05;5291571;INACTIVE;27/09/2020 11:58:58;14/04/2022 23:59:59
19137288947;p-svmobi-gamebar-c-01;21/04/2022 19:04:45;117648;INACTIVE;19/04/2022 10:03:53;21/04/2022 19:04:45
19137786992;p-svmobi-gamebar-c-01;21/04/2022 06:51:44;29887898;INACTIVE;20/04/2022 13:58:47;21/04/2022 06:51:44
19137298547;p-svmobi-gamebar-c-01;21/04/2022 12:50:12;20881494;INACTIVE;19/04/2022 11:58:41;21/04/2022 12:50:12
19139132534;p-svmobi-gamebar-c-01;03/05/2022 12:42:06;31299017;INACTIVE;24/04/2022 14:00:59;03/05/2022 12:42:06
19139071510;p-svmobi-gamebar-c-01;04/05/2022 20:48:33;2853155;INACTIVE;24/04/2022 03:50:34;25/04/2022 23:59:59
19139134311;p-svmobi-gamebar-c-01;04/05/2022 20:48:33;45770156;INACTIVE;24/04/2022 14:16:32;05/05/2022 23:59:59
19139131834;p-svmobi-gamebar-c-01;04/05/2022 20:48:33;3281842;INACTIVE;24/04/2022 13:51:38;05/05/2022 23:59:59
19139134619;p-svmobi-gamebar-c-01;24/04/2022 15:16:47;57984507;INACTIVE;24/04/2022 14:19:25;24/04/2022 15:16:47
19139133088;p-svmobi-gamebar-c-01;04/05/2022 20:48:33;42033837;INACTIVE;24/04/2022 14:07:16;05/05/2022 23:59:59
19139134407;p-svmobi-gamebar-c-01;04/05/2022 20:48:33;894485;INACTIVE;24/04/2022 14:17:24;05/05/2022 23:59:59
19139131961;p-svmobi-gamebar-c-01;04/05/2022 20:48:33;8288273;INACTIVE;24/04/2022 13:52:59;05/05/2022 23:59:59
19139131983;p-svmobi-gamebar-c-01;04/05/2022 20:48:33;11418755;INACTIVE;24/04/2022 13:53:12;04/05/2022 23:59:59
19139132097;p-svmobi-gamebar-c-01;24/04/2022 14:13:15;27489358;INACTIVE;24/04/2022 13:54:29;24/04/2022 14:13:15
19139008900;p-svmobi-gamebar-c-01;04/05/2022 20:48:33;18868076;INACTIVE;24/04/2022 14:06:09;03/05/2022 23:59:59
19139135339;p-svmobi-gamebar-c-01;24/04/2022 14:29:23;23143277;INACTIVE;24/04/2022 14:27:00;24/04/2022 14:29:23
19139105661;p-svmobi-gamebar-c-01;24/04/2022 15:09:33;8133098;INACTIVE;24/04/2022 10:44:19;24/04/2022 15:09:33
19139105853;p-svmobi-gamebar-c-01;03/05/2022 05:58:06;33479337;INACTIVE;24/04/2022 10:47:44;03/05/2022 05:58:06
19139071952;p-svmobi-gamebar-c-01;04/05/2022 20:48:33;7933661;INACTIVE;24/04/2022 04:29:24;25/04/2022 23:59:59
19139072190;p-svmobi-gamebar-c-01;04/05/2022 20:48:33;41365723;INACTIVE;24/04/2022 05:16:54;25/04/2022 23:59:59
19139072297;p-svmobi-gamebar-c-01;04/05/2022 20:48:33;20480324;INACTIVE;24/04/2022 05:33:30;03/05/2022 23:59:59
19139071951;p-svmobi-gamebar-c-01;04/05/2022 20:48:33;4850413;INACTIVE;24/04/2022 04:29:18;04/05/2022 23:59:59
19139132309;p-svmobi-gamebar-c-01;04/05/2022 20:48:33;605023;INACTIVE;24/04/2022 13:56:54;30/04/2022 23:59:59
19138958719;p-svmobi-gamebar-c-01;04/05/2022 20:48:33;24412350;INACTIVE;24/04/2022 04:30:02;02/05/2022 23:59:59
19139135270;p-svmobi-gamebar-c-01;04/05/2022 20:48:33;23502884;INACTIVE;24/04/2022 14:26:10;04/05/2022 23:59:59
19139133095;p-svmobi-gamebar-c-01;04/05/2022 20:48:33;34255153;INACTIVE;24/04/2022 14:07:19;25/04/2022 23:59:59
19139132504;p-svmobi-gamebar-c-01;04/05/2022 20:48:33;5511390;INACTIVE;24/04/2022 14:00:30;04/05/2022 23:59:59
19139446408;p-svmobi-gamebar-c-01;25/04/2022 11:39:35;33639847;INACTIVE;25/04/2022 11:37:57;25/04/2022 11:39:35
19139447753;p-svmobi-gamebar-c-01;25/04/2022 11:47:39;37391675;INACTIVE;25/04/2022 11:45:53;25/04/2022 11:47:39
19138991791;p-svmobi-gamebar-c-01;04/05/2022 20:48:33;50213316;INACTIVE;24/04/2022 10:46:02;25/04/2022 23:59:59
19139009152;p-svmobi-gamebar-c-01;04/05/2022 20:48:33;23929918;INACTIVE;24/04/2022 14:12:14;25/04/2022 23:59:59
19138958717;p-svmobi-gamebar-c-01;04/05/2022 20:48:33;40672940;INACTIVE;24/04/2022 04:29:34;25/04/2022 23:59:59
13132809411;p-svmobi-gamebar-c-01;13/05/2022 01:44:39;43095792;INACTIVE;27/09/2020 14:36:03;11/04/2022 23:59:59
19139106001;p-svmobi-gamebar-c-01;04/05/2022 20:48:33;20596952;INACTIVE;24/04/2022 10:50:29;26/04/2022 23:59:59
19139112167;p-svmobi-gamebar-c-01;24/04/2022 12:13:07;23809076;INACTIVE;24/04/2022 11:46:12;24/04/2022 12:13:07
19138991733;p-svmobi-gamebar-c-01;04/05/2022 20:48:33;35066062;INACTIVE;24/04/2022 10:44:47;25/04/2022 23:59:59
19138991801;p-svmobi-gamebar-c-01;04/05/2022 20:48:33;45044091;INACTIVE;24/04/2022 10:46:20;05/05/2022 23:59:59
19138958967;p-svmobi-gamebar-c-01;04/05/2022 20:48:33;47121761;INACTIVE;24/04/2022 05:21:43;05/05/2022 23:59:59
19139071766;p-svmobi-gamebar-c-01;04/05/2022 20:48:33;4625716;INACTIVE;24/04/2022 04:02:08;04/05/2022 23:59:59
19139106076;p-svmobi-gamebar-c-01;04/05/2022 20:48:33;33316561;INACTIVE;24/04/2022 10:51:23;25/04/2022 23:59:59
19139105660;p-svmobi-gamebar-c-01;04/05/2022 20:48:33;44816766;INACTIVE;24/04/2022 10:44:17;25/04/2022 23:59:59
19139008204;p-svmobi-gamebar-c-01;04/05/2022 20:48:33;56649972;INACTIVE;24/04/2022 13:56:35;04/05/2022 23:59:59
19138958946;p-svmobi-gamebar-c-01;04/05/2022 20:48:33;57979689;INACTIVE;24/04/2022 05:17:08;25/04/2022 23:59:59
19138958971;p-svmobi-gamebar-c-01;04/05/2022 20:48:33;11830587;INACTIVE;24/04/2022 05:22:27;02/05/2022 23:59:59
19138958715;p-svmobi-gamebar-c-01;04/05/2022 20:48:33;17992683;INACTIVE;24/04/2022 04:29:03;27/04/2022 23:59:59
19139008228;p-svmobi-gamebar-c-01;04/05/2022 20:48:33;5534911;INACTIVE;24/04/2022 13:57:01;25/04/2022 23:59:59
15677465628;p-svmobi-gamebar-c-01;28/04/2022 10:19:47;52444587;INACTIVE;06/05/2021 08:18:54;28/04/2022 10:19:47
15732986310;p-svmobi-gamebar-c-01;20/03/2022 16:19:16;34305682;INACTIVE;08/05/2021 14:06:56;20/03/2022 16:19:16
15667967710;p-svmobi-gamebar-c-01;17/05/2022 16:43:41;23096735;INACTIVE;05/05/2021 13:19:16;17/05/2022 16:43:41
12099992007;p-svmobi-gamebar-c-01;06/04/2022 01:25:46;40643275;INACTIVE;29/07/2020 10:35:49;05/03/2022 23:59:59
15222191873;p-svmobi-gamebar-c-01;08/04/2022 01:50:03;29803549;INACTIVE;04/04/2021 01:56:02;07/03/2022 23:59:59
14641632178;p-svmobi-gamebar-c-01;11/04/2022 01:51:45;54943942;INACTIVE;05/02/2021 11:39:40;10/03/2022 23:59:59
19147657421;p-svmobi-gamebar-c-01;17/05/2022 18:26:54;44481586;INACTIVE;17/05/2022 12:27:00;18/05/2022 23:59:59
19147410862;p-svmobi-gamebar-c-01;17/05/2022 18:26:53;5788197;INACTIVE;16/05/2022 16:00:59;17/05/2022 23:59:59
19147657721;p-svmobi-gamebar-c-01;17/05/2022 18:26:54;31141675;INACTIVE;17/05/2022 12:32:06;18/05/2022 23:59:59
19147657988;p-svmobi-gamebar-c-01;17/05/2022 18:26:54;22338622;INACTIVE;17/05/2022 12:38:20;18/05/2022 23:59:59
19147657490;p-svmobi-gamebar-c-01;17/05/2022 12:32:44;7792602;INACTIVE;17/05/2022 12:28:03;17/05/2022 12:32:44
19147659620;p-svmobi-gamebar-c-01;17/05/2022 18:26:55;35668579;INACTIVE;17/05/2022 12:52:41;18/05/2022 23:59:59
19147659041;p-svmobi-gamebar-c-01;17/05/2022 18:26:55;40777869;INACTIVE;17/05/2022 12:46:44;18/05/2022 23:59:59
19147652036;p-svmobi-gamebar-c-01;17/05/2022 18:26:54;32971912;INACTIVE;17/05/2022 11:43:41;18/05/2022 23:59:59
15667025412;p-svmobi-gamebar-c-01;04/04/2022 19:58:05;22782411;INACTIVE;05/05/2021 11:17:26;04/04/2022 19:58:05
14891152997;p-svmobi-gamebar-c-01;04/05/2022 01:44:06;39057045;INACTIVE;03/03/2021 18:32:19;02/04/2022 23:59:59
19147500062;p-svmobi-gamebar-c-01;17/05/2022 18:26:53;12875481;INACTIVE;17/05/2022 03:42:02;18/05/2022 23:59:59
19147500243;p-svmobi-gamebar-c-01;17/05/2022 18:26:53;7351216;INACTIVE;17/05/2022 03:44:23;18/05/2022 23:59:59
19147651225;p-svmobi-gamebar-c-01;17/05/2022 18:26:54;57541623;INACTIVE;17/05/2022 11:36:26;18/05/2022 23:59:59
19147635539;p-svmobi-gamebar-c-01;17/05/2022 18:26:53;45980550;INACTIVE;17/05/2022 09:38:20;18/05/2022 23:59:59
19147635980;p-svmobi-gamebar-c-01;17/05/2022 18:26:53;5956557;INACTIVE;17/05/2022 09:41:38;18/05/2022 23:59:59
19147635920;p-svmobi-gamebar-c-01;17/05/2022 18:26:53;1857756;INACTIVE;17/05/2022 09:41:08;18/05/2022 23:59:59
19147655779;p-svmobi-gamebar-c-01;17/05/2022 18:26:54;19675755;INACTIVE;17/05/2022 12:13:10;18/05/2022 23:59:59
19147657817;p-svmobi-gamebar-c-01;17/05/2022 18:26:54;33521582;INACTIVE;17/05/2022 12:34:42;18/05/2022 23:59:59
19147657967;p-svmobi-gamebar-c-01;17/05/2022 18:26:54;42981981;INACTIVE;17/05/2022 12:37:45;18/05/2022 23:59:59
19147287393;p-svmobi-gamebar-c-01;16/05/2022 12:32:48;8638469;INACTIVE;16/05/2022 12:30:00;16/05/2022 12:32:48
19147287106;p-svmobi-gamebar-c-01;16/05/2022 12:30:36;23017043;INACTIVE;16/05/2022 12:27:42;16/05/2022 12:30:36
19147287346;p-svmobi-gamebar-c-01;17/05/2022 17:03:39;11780704;INACTIVE;16/05/2022 12:29:43;17/05/2022 17:03:39
19147410809;p-svmobi-gamebar-c-01;17/05/2022 18:26:53;36344498;INACTIVE;16/05/2022 16:00:52;17/05/2022 23:59:59
19147500289;p-svmobi-gamebar-c-01;17/05/2022 18:26:53;683689;INACTIVE;17/05/2022 03:44:56;18/05/2022 23:59:59
19147500294;p-svmobi-gamebar-c-01;17/05/2022 18:26:53;35442906;INACTIVE;17/05/2022 03:45:03;18/05/2022 23:59:59
19147654653;p-svmobi-gamebar-c-01;17/05/2022 18:26:54;34413587;INACTIVE;17/05/2022 12:02:56;18/05/2022 23:59:59
19147639802;p-svmobi-gamebar-c-01;17/05/2022 18:26:54;17971491;INACTIVE;17/05/2022 10:11:41;18/05/2022 23:59:59
19147657053;p-svmobi-gamebar-c-01;17/05/2022 18:26:54;18877647;INACTIVE;17/05/2022 12:21:28;18/05/2022 23:59:59
14362152730;p-svmobi-gamebar-c-01;07/05/2022 01:47:34;49806865;INACTIVE;07/01/2021 19:34:45;05/04/2022 23:59:59
19147500195;p-svmobi-gamebar-c-01;17/05/2022 18:26:53;38860319;INACTIVE;17/05/2022 03:43:45;18/05/2022 23:59:59
19147500240;p-svmobi-gamebar-c-01;17/05/2022 18:26:53;55663446;INACTIVE;17/05/2022 03:44:18;18/05/2022 23:59:59
19147500249;p-svmobi-gamebar-c-01;17/05/2022 18:26:53;40235122;INACTIVE;17/05/2022 03:44:26;18/05/2022 23:59:59
19147500254;p-svmobi-gamebar-c-01;17/05/2022 18:26:53;20605962;INACTIVE;17/05/2022 03:44:32;18/05/2022 23:59:59
19147500300;p-svmobi-gamebar-c-01;17/05/2022 10:52:28;12633942;INACTIVE;17/05/2022 03:45:11;17/05/2022 10:52:28
19147500412;p-svmobi-gamebar-c-01;17/05/2022 12:25:04;16499635;INACTIVE;17/05/2022 03:46:35;17/05/2022 12:25:04
19147500502;p-svmobi-gamebar-c-01;17/05/2022 07:48:45;22924358;INACTIVE;17/05/2022 03:47:51;17/05/2022 07:48:45
19147651445;p-svmobi-gamebar-c-01;17/05/2022 18:26:54;22238135;INACTIVE;17/05/2022 11:38:37;18/05/2022 23:59:59
19147500213;p-svmobi-gamebar-c-01;17/05/2022 03:44:58;15942782;INACTIVE;17/05/2022 03:43:52;17/05/2022 03:44:58
19147230149;p-svmobi-gamebar-c-01;17/05/2022 18:26:52;13062553;INACTIVE;16/05/2022 03:42:36;18/05/2022 23:59:59
19147287561;p-svmobi-gamebar-c-01;17/05/2022 18:26:52;9805267;INACTIVE;16/05/2022 12:31:08;17/05/2022 23:59:59
19147411014;p-svmobi-gamebar-c-01;17/05/2022 18:26:53;2743753;INACTIVE;16/05/2022 16:01:58;17/05/2022 23:59:59
19147287032;p-svmobi-gamebar-c-01;16/05/2022 14:51:04;16499635;INACTIVE;16/05/2022 12:26:45;16/05/2022 14:51:04
19147635611;p-svmobi-gamebar-c-01;17/05/2022 18:26:53;47048111;INACTIVE;17/05/2022 09:38:44;18/05/2022 23:59:59
19147411100;p-svmobi-gamebar-c-01;17/05/2022 18:26:53;17500445;INACTIVE;16/05/2022 16:03:01;17/05/2022 23:59:59
19147411118;p-svmobi-gamebar-c-01;17/05/2022 18:26:53;41831594;INACTIVE;16/05/2022 16:03:16;17/05/2022 23:59:59
15539509820;p-svmobi-gamebar-c-01;05/03/2022 17:07:47;978987;INACTIVE;29/04/2021 15:57:21;05/03/2022 17:07:47
19145564710;p-svmobi-gamebar-c-01;11/05/2022 23:13:02;44574427;INACTIVE;11/05/2022 09:01:54;11/05/2022 23:13:02
12679572265;p-svmobi-gamebar-c-01;22/04/2022 15:44:55;43610815;INACTIVE;31/08/2020 11:15:29;21/03/2022 23:59:59
14429999462;p-svmobi-gamebar-c-01;09/04/2022 16:35:10;48172792;INACTIVE;14/01/2021 17:47:16;09/04/2022 16:35:09
19138046347;p-svmobi-gamebar-c-01;21/04/2022 05:04:16;5995278;INACTIVE;21/04/2022 04:57:59;21/04/2022 05:04:16
19138046423;p-svmobi-gamebar-c-01;21/04/2022 19:56:25;29076291;INACTIVE;21/04/2022 05:01:41;21/04/2022 19:56:25
19138445132;p-svmobi-gamebar-c-01;22/04/2022 10:05:09;23824911;INACTIVE;22/04/2022 09:46:33;22/04/2022 10:05:09
19138059327;p-svmobi-gamebar-c-01;21/04/2022 12:12:42;9733459;INACTIVE;21/04/2022 09:12:17;21/04/2022 12:12:42
19137846717;p-svmobi-gamebar-c-01;21/04/2022 09:01:30;46568951;INACTIVE;20/04/2022 14:01:57;21/04/2022 09:01:30
19137837636;p-svmobi-gamebar-c-01;20/04/2022 12:36:09;57173649;INACTIVE;20/04/2022 12:32:38;20/04/2022 12:36:09
19137846680;p-svmobi-gamebar-c-01;20/04/2022 16:46:20;55152217;INACTIVE;20/04/2022 14:01:25;20/04/2022 16:46:20
15741271999;p-svmobi-gamebar-c-01;18/05/2022 20:00:06;41449922;INACTIVE;09/05/2021 05:18:15;18/05/2022 20:00:06
19139354818;p-svmobi-gamebar-c-01;25/04/2022 10:13:30;39488846;INACTIVE;25/04/2022 08:05:02;25/04/2022 10:13:30
19139367351;p-svmobi-gamebar-c-01;27/04/2022 06:29:14;36118447;INACTIVE;25/04/2022 10:06:38;27/04/2022 06:29:14
19139398083;p-svmobi-gamebar-c-01;26/04/2022 12:01:22;43282067;INACTIVE;25/04/2022 12:41:08;26/04/2022 12:01:22
14375395947;p-svmobi-gamebar-c-01;16/03/2022 11:34:07;7137376;INACTIVE;09/01/2021 08:31:25;16/03/2022 11:34:07
19139366437;p-svmobi-gamebar-c-01;03/05/2022 23:36:40;9529993;INACTIVE;25/04/2022 09:53:23;03/05/2022 23:36:40
19147733567;p-svmobi-gamebar-c-01;17/05/2022 18:26:57;2879814;INACTIVE;17/05/2022 12:22:20;18/05/2022 23:59:59
19147723094;p-svmobi-gamebar-c-01;17/05/2022 18:26:56;14518660;INACTIVE;17/05/2022 11:36:45;18/05/2022 23:59:59
19147739160;p-svmobi-gamebar-c-01;17/05/2022 18:26:57;31954913;INACTIVE;17/05/2022 12:57:20;18/05/2022 23:59:59
19147724114;p-svmobi-gamebar-c-01;17/05/2022 18:26:56;29644077;INACTIVE;17/05/2022 11:41:57;18/05/2022 23:59:59
19147720204;p-svmobi-gamebar-c-01;17/05/2022 18:26:56;6301459;INACTIVE;17/05/2022 11:20:44;18/05/2022 23:59:59
19147739187;p-svmobi-gamebar-c-01;17/05/2022 18:26:57;22176469;INACTIVE;17/05/2022 12:57:50;18/05/2022 23:59:59
19147729160;p-svmobi-gamebar-c-01;17/05/2022 12:10:33;6733782;INACTIVE;17/05/2022 12:06:29;17/05/2022 12:10:33
19147733274;p-svmobi-gamebar-c-01;17/05/2022 18:26:57;52081554;INACTIVE;17/05/2022 12:20:42;18/05/2022 23:59:59
19147400301;p-svmobi-gamebar-c-01;17/05/2022 18:26:53;43587232;INACTIVE;16/05/2022 16:00:05;18/05/2022 23:59:59
19147723951;p-svmobi-gamebar-c-01;17/05/2022 18:26:56;27344011;INACTIVE;17/05/2022 11:41:10;18/05/2022 23:59:59
19147723833;p-svmobi-gamebar-c-01;17/05/2022 18:26:56;3402251;INACTIVE;17/05/2022 11:40:32;18/05/2022 23:59:59
19147400786;p-svmobi-gamebar-c-01;17/05/2022 18:26:53;3769020;INACTIVE;16/05/2022 16:05:44;17/05/2022 23:59:59
19147734273;p-svmobi-gamebar-c-01;17/05/2022 18:26:57;14192291;INACTIVE;17/05/2022 12:26:44;18/05/2022 23:59:59
19147729435;p-svmobi-gamebar-c-01;17/05/2022 18:26:56;13324635;INACTIVE;17/05/2022 12:07:45;18/05/2022 23:59:59
19147720890;p-svmobi-gamebar-c-01;17/05/2022 18:26:56;16195011;INACTIVE;17/05/2022 11:26:33;18/05/2022 23:59:59
19147380554;p-svmobi-gamebar-c-01;17/05/2022 18:26:53;16042672;INACTIVE;16/05/2022 12:28:47;17/05/2022 23:59:59
19147730186;p-svmobi-gamebar-c-01;17/05/2022 18:26:56;37168635;INACTIVE;17/05/2022 12:11:41;18/05/2022 23:59:59
19147730226;p-svmobi-gamebar-c-01;17/05/2022 18:26:56;9033836;INACTIVE;17/05/2022 12:11:54;18/05/2022 23:59:59
19147733533;p-svmobi-gamebar-c-01;17/05/2022 12:45:07;3940229;INACTIVE;17/05/2022 12:22:06;17/05/2022 12:45:07
19147584642;p-svmobi-gamebar-c-01;17/05/2022 18:26:53;9686321;INACTIVE;17/05/2022 04:00:54;18/05/2022 23:59:59
19147734332;p-svmobi-gamebar-c-01;17/05/2022 18:26:57;39337466;INACTIVE;17/05/2022 12:27:09;18/05/2022 23:59:59
19147607816;p-svmobi-gamebar-c-01;17/05/2022 12:40:46;5598378;INACTIVE;17/05/2022 09:38:30;17/05/2022 12:40:46
19147400531;p-svmobi-gamebar-c-01;16/05/2022 17:24:01;49680208;INACTIVE;16/05/2022 16:02:21;16/05/2022 17:24:01
19147735108;p-svmobi-gamebar-c-01;17/05/2022 18:26:57;53043296;INACTIVE;17/05/2022 12:32:42;18/05/2022 23:59:59
19147735243;p-svmobi-gamebar-c-01;17/05/2022 18:26:57;22786769;INACTIVE;17/05/2022 12:33:35;18/05/2022 23:59:59
19147739165;p-svmobi-gamebar-c-01;17/05/2022 18:26:57;11246667;INACTIVE;17/05/2022 12:57:27;18/05/2022 23:59:59
19147737443;p-svmobi-gamebar-c-01;17/05/2022 18:26:57;13448009;INACTIVE;17/05/2022 12:43:42;18/05/2022 23:59:59
19147737850;p-svmobi-gamebar-c-01;17/05/2022 18:26:57;31439994;INACTIVE;17/05/2022 12:48:16;18/05/2022 23:59:59
19147738801;p-svmobi-gamebar-c-01;17/05/2022 18:26:57;380774;INACTIVE;17/05/2022 12:53:01;18/05/2022 23:59:59
19147380478;p-svmobi-gamebar-c-01;17/05/2022 18:26:53;6490564;INACTIVE;16/05/2022 12:28:19;17/05/2022 23:59:59
19147380539;p-svmobi-gamebar-c-01;17/05/2022 18:26:53;45820449;INACTIVE;16/05/2022 12:28:43;17/05/2022 23:59:59
19147737246;p-svmobi-gamebar-c-01;17/05/2022 18:26:57;7188008;INACTIVE;17/05/2022 12:41:09;18/05/2022 23:59:59
19147711899;p-svmobi-gamebar-c-01;17/05/2022 18:26:56;4671553;INACTIVE;17/05/2022 10:15:50;18/05/2022 23:59:59
19147731636;p-svmobi-gamebar-c-01;17/05/2022 14:46:06;4061403;INACTIVE;17/05/2022 12:18:18;17/05/2022 14:46:06
19147733564;p-svmobi-gamebar-c-01;17/05/2022 18:26:57;22359112;INACTIVE;17/05/2022 12:22:18;18/05/2022 23:59:59
19147726715;p-svmobi-gamebar-c-01;17/05/2022 18:26:56;8398761;INACTIVE;17/05/2022 11:57:59;18/05/2022 23:59:59
19139394448;p-svmobi-gamebar-c-01;25/04/2022 13:27:33;2751782;INACTIVE;25/04/2022 12:06:03;25/04/2022 13:27:33
15563320206;p-svmobi-gamebar-c-01;11/04/2022 10:55:04;44339265;INACTIVE;01/05/2021 11:56:08;11/04/2022 10:55:04
19147584095;p-svmobi-gamebar-c-01;17/05/2022 18:26:53;38437637;INACTIVE;17/05/2022 03:43:13;18/05/2022 23:59:59
19147711524;p-svmobi-gamebar-c-01;17/05/2022 18:26:56;52573346;INACTIVE;17/05/2022 10:11:10;18/05/2022 23:59:59
19147723063;p-svmobi-gamebar-c-01;17/05/2022 18:26:56;3488412;INACTIVE;17/05/2022 11:36:36;18/05/2022 23:59:59
19147724014;p-svmobi-gamebar-c-01;17/05/2022 18:26:56;24964059;INACTIVE;17/05/2022 11:41:25;18/05/2022 23:59:59
19147724129;p-svmobi-gamebar-c-01;17/05/2022 18:26:56;47386089;INACTIVE;17/05/2022 11:42:03;18/05/2022 23:59:59
19147731158;p-svmobi-gamebar-c-01;17/05/2022 12:17:29;42704329;INACTIVE;17/05/2022 12:16:14;17/05/2022 12:17:29
19139394058;p-svmobi-gamebar-c-01;27/04/2022 11:10:51;27160784;INACTIVE;25/04/2022 12:01:04;27/04/2022 11:10:51
19147726716;p-svmobi-gamebar-c-01;17/05/2022 18:26:56;23217867;INACTIVE;17/05/2022 11:58:00;18/05/2022 23:59:59
19147600489;p-svmobi-gamebar-c-01;17/05/2022 18:26:53;47599957;INACTIVE;17/05/2022 08:35:31;18/05/2022 23:59:59
19147400351;p-svmobi-gamebar-c-01;17/05/2022 09:10:32;48045779;INACTIVE;16/05/2022 16:00:51;17/05/2022 09:10:32
19147400437;p-svmobi-gamebar-c-01;17/05/2022 18:26:53;6715705;INACTIVE;16/05/2022 16:01:06;18/05/2022 23:59:59
19147400477;p-svmobi-gamebar-c-01;17/05/2022 12:46:33;26173630;INACTIVE;16/05/2022 16:01:18;17/05/2022 12:46:33
19147380427;p-svmobi-gamebar-c-01;17/05/2022 18:26:53;47636032;INACTIVE;16/05/2022 12:27:58;18/05/2022 23:59:59
19147380468;p-svmobi-gamebar-c-01;17/05/2022 18:26:53;24405008;INACTIVE;16/05/2022 12:28:14;17/05/2022 23:59:59
19147734244;p-svmobi-gamebar-c-01;17/05/2022 18:26:57;37765023;INACTIVE;17/05/2022 12:26:32;18/05/2022 23:59:59
19147400503;p-svmobi-gamebar-c-01;17/05/2022 18:26:53;6394271;INACTIVE;16/05/2022 16:01:45;18/05/2022 23:59:59
19147400579;p-svmobi-gamebar-c-01;16/05/2022 16:15:10;19923992;INACTIVE;16/05/2022 16:03:04;16/05/2022 16:15:10
19147720943;p-svmobi-gamebar-c-01;17/05/2022 18:26:56;2552920;INACTIVE;17/05/2022 11:26:54;18/05/2022 23:59:59
19147400344;p-svmobi-gamebar-c-01;17/05/2022 18:26:53;41163274;INACTIVE;16/05/2022 16:00:46;17/05/2022 23:59:59
15561832723;p-svmobi-gamebar-c-01;03/05/2022 20:06:45;46697335;INACTIVE;01/05/2021 09:34:13;03/05/2022 20:06:45
15365536328;p-svmobi-gamebar-c-01;09/04/2022 15:24:42;10516751;INACTIVE;17/04/2021 17:24:01;09/04/2022 15:24:42
14652974997;p-svmobi-gamebar-c-01;01/05/2022 01:54:18;4901548;INACTIVE;06/02/2021 16:43:50;30/03/2022 23:59:59
14341599158;p-svmobi-worldforher-c-01;11/04/2022 01:49:50;55215265;INACTIVE;05/01/2021 18:34:08;10/03/2022 23:59:59
15613826479;p-svmobi-worldforher-c-01;19/04/2022 18:52:24;12439069;INACTIVE;03/05/2021 12:01:06;18/03/2022 23:59:59
12634622227;p-svmobi-worldforher-c-01;24/04/2022 01:31:25;31265150;INACTIVE;28/08/2020 18:35:00;23/03/2022 23:59:59
15270178272;p-svmobi-worldforher-c-01;30/04/2022 00:01:54;8441614;INACTIVE;08/04/2021 07:19:48;30/04/2022 00:01:54
19139449227;p-svmobi-worldforher-c-01;27/04/2022 11:15:56;57915135;INACTIVE;25/04/2022 11:54:52;27/04/2022 11:15:56
14835682350;p-svmobi-worldforher-c-01;17/03/2022 15:57:34;15889855;INACTIVE;26/02/2021 00:21:47;17/03/2022 15:57:34
15274323966;p-svmobi-worldforher-c-01;16/03/2022 11:41:51;41654132;INACTIVE;08/04/2021 15:09:44;16/03/2022 11:41:51
19133462260;p-svmobi-worldforher-c-01;08/04/2022 11:19:41;57671636;INACTIVE;08/04/2022 11:19:26;08/04/2022 11:19:41
14835869266;p-svmobi-worldforher-c-01;02/04/2022 12:29:22;42193357;INACTIVE;26/02/2021 00:32:00;02/04/2022 12:29:22
14437068140;p-svmobi-worldforher-c-01;19/04/2022 12:35:25;1432838;INACTIVE;15/01/2021 11:44:49;18/03/2022 23:59:59
14202518023;p-svmobi-worldforher-c-01;19/04/2022 02:21:01;25060278;INACTIVE;22/12/2020 22:39:33;18/03/2022 23:59:59
14783004833;p-svmobi-worldforher-c-01;05/05/2022 15:36:21;6139874;INACTIVE;20/02/2021 13:13:06;05/05/2022 15:36:21
15182830744;p-svmobi-worldforher-c-01;07/05/2022 01:55:41;879357;INACTIVE;31/03/2021 18:45:34;05/04/2022 23:59:59
19132340964;p-svmobi-worldforher-c-01;07/04/2022 13:35:04;57671636;INACTIVE;05/04/2022 15:03:50;07/04/2022 13:35:04
11250503545;p-svmobi-worldforher-c-01;08/04/2022 01:18:29;45116614;INACTIVE;08/06/2020 21:59:07;07/03/2022 23:59:59
15731061120;p-svmobi-worldforher-c-01;14/04/2022 02:13:40;21505579;INACTIVE;08/05/2021 11:15:53;13/03/2022 23:59:59
19147666082;p-svmobi-worldforher-c-01;17/05/2022 18:26:55;12510487;INACTIVE;17/05/2022 14:01:43;18/05/2022 23:59:59
19147660560;p-svmobi-worldforher-c-01;17/05/2022 18:26:55;23340567;INACTIVE;17/05/2022 13:06:59;18/05/2022 23:59:59
19147655666;p-svmobi-worldforher-c-01;17/05/2022 16:33:38;57198004;INACTIVE;17/05/2022 12:11:24;17/05/2022 16:33:38
19147656188;p-svmobi-worldforher-c-01;17/05/2022 18:26:54;12061070;INACTIVE;17/05/2022 12:16:56;18/05/2022 23:59:59
19147666393;p-svmobi-worldforher-c-01;17/05/2022 18:26:55;45471356;INACTIVE;17/05/2022 14:07:34;18/05/2022 23:59:59
19147659839;p-svmobi-worldforher-c-01;17/05/2022 18:26:55;21796702;INACTIVE;17/05/2022 12:57:02;18/05/2022 23:59:59
19147666332;p-svmobi-worldforher-c-01;17/05/2022 14:18:25;48965649;INACTIVE;17/05/2022 14:06:31;17/05/2022 14:18:25
19147664835;p-svmobi-worldforher-c-01;17/05/2022 18:26:55;5793021;INACTIVE;17/05/2022 13:48:35;18/05/2022 23:59:59
19147659885;p-svmobi-worldforher-c-01;17/05/2022 18:26:55;7904192;INACTIVE;17/05/2022 12:58:01;18/05/2022 23:59:59
14616857583;p-svmobi-worldforher-c-01;03/05/2022 19:28:18;25133858;INACTIVE;02/02/2021 19:55:01;03/05/2022 19:28:18
19147655693;p-svmobi-worldforher-c-01;17/05/2022 18:26:54;38941532;INACTIVE;17/05/2022 12:11:38;18/05/2022 23:59:59
19147665127;p-svmobi-worldforher-c-01;17/05/2022 18:26:55;10222991;INACTIVE;17/05/2022 13:51:56;18/05/2022 23:59:59
19147661646;p-svmobi-worldforher-c-01;17/05/2022 18:26:55;44897899;INACTIVE;17/05/2022 13:25:42;18/05/2022 23:59:59
19147661695;p-svmobi-worldforher-c-01;17/05/2022 18:26:55;15253743;INACTIVE;17/05/2022 13:26:30;18/05/2022 23:59:59
19147661863;p-svmobi-worldforher-c-01;17/05/2022 18:26:55;21072279;INACTIVE;17/05/2022 13:27:56;18/05/2022 23:59:59
19147663380;p-svmobi-worldforher-c-01;17/05/2022 18:26:55;50429036;INACTIVE;17/05/2022 13:36:04;18/05/2022 23:59:59
19147664189;p-svmobi-worldforher-c-01;17/05/2022 18:26:55;31068923;INACTIVE;17/05/2022 13:40:47;18/05/2022 23:59:59
19147665128;p-svmobi-worldforher-c-01;17/05/2022 18:26:55;16835389;INACTIVE;17/05/2022 13:51:56;18/05/2022 23:59:59
19147665446;p-svmobi-worldforher-c-01;17/05/2022 18:26:55;34629816;INACTIVE;17/05/2022 13:55:33;18/05/2022 23:59:59
19147660851;p-svmobi-worldforher-c-01;17/05/2022 18:26:55;38249616;INACTIVE;17/05/2022 13:11:52;18/05/2022 23:59:59
19147661753;p-svmobi-worldforher-c-01;17/05/2022 18:26:55;26983605;INACTIVE;17/05/2022 13:26:53;18/05/2022 23:59:59
19147660821;p-svmobi-worldforher-c-01;17/05/2022 18:26:55;31309263;INACTIVE;17/05/2022 13:11:28;18/05/2022 23:59:59
19147661116;p-svmobi-worldforher-c-01;17/05/2022 18:26:55;46674750;INACTIVE;17/05/2022 13:16:33;18/05/2022 23:59:59
14311455642;p-svmobi-worldforher-c-01;27/04/2022 02:31:17;44996442;INACTIVE;02/01/2021 18:29:24;26/03/2022 23:59:59
19147655444;p-svmobi-worldforher-c-01;17/05/2022 18:26:54;27443576;INACTIVE;17/05/2022 12:08:42;18/05/2022 23:59:59
12551672030;p-svmobi-worldforher-c-01;15/05/2022 01:51:08;38933591;INACTIVE;24/08/2020 04:09:11;13/04/2022 23:59:59
19147737261;p-svmobi-fitnesstips-c-01;17/05/2022 18:26:57;44481586;INACTIVE;17/05/2022 12:41:20;18/05/2022 23:59:59
19147730280;p-svmobi-fitnesstips-c-01;17/05/2022 18:26:56;820772;INACTIVE;17/05/2022 12:12:09;18/05/2022 23:59:59
19147741493;p-svmobi-fitnesstips-c-01;17/05/2022 18:26:58;46902007;INACTIVE;17/05/2022 13:26:38;18/05/2022 23:59:59
19147735936;p-svmobi-fitnesstips-c-01;17/05/2022 18:26:57;9841055;INACTIVE;17/05/2022 12:38:38;18/05/2022 23:59:59
19147739232;p-svmobi-fitnesstips-c-01;17/05/2022 13:22:25;40051185;INACTIVE;17/05/2022 12:58:22;17/05/2022 13:22:25
19147747340;p-svmobi-fitnesstips-c-01;17/05/2022 18:26:58;23997930;INACTIVE;17/05/2022 14:23:57;18/05/2022 23:59:59
19147745021;p-svmobi-fitnesstips-c-01;17/05/2022 18:26:58;47366531;INACTIVE;17/05/2022 14:00:46;18/05/2022 23:59:59
19147745941;p-svmobi-fitnesstips-c-01;17/05/2022 18:26:58;2366775;INACTIVE;17/05/2022 14:11:08;18/05/2022 23:59:59
19147740498;p-svmobi-fitnesstips-c-01;17/05/2022 18:26:57;11363100;INACTIVE;17/05/2022 13:10:39;18/05/2022 23:59:59
19147740539;p-svmobi-fitnesstips-c-01;17/05/2022 18:26:58;28142665;INACTIVE;17/05/2022 13:11:12;18/05/2022 23:59:59
14853531355;p-svmobi-fitnesstips-c-01;12/05/2022 18:42:52;2719745;INACTIVE;27/02/2021 18:12:19;12/05/2022 18:42:52
15562120771;p-svmobi-fitnesstips-c-01;03/05/2022 20:06:39;46697335;INACTIVE;01/05/2021 09:49:12;03/05/2022 20:06:39
19139380748;p-svmobi-fitnesstips-c-01;25/04/2022 10:57:17;10624865;INACTIVE;25/04/2022 10:55:45;25/04/2022 10:57:17
14835700380;p-svmobi-fitnesstips-c-01;17/03/2022 15:57:29;15889855;INACTIVE;26/02/2021 00:22:46;17/03/2022 15:57:29
19139366890;p-svmobi-fitnesstips-c-01;07/05/2022 15:49:04;52902008;INACTIVE;25/04/2022 09:59:56;07/05/2022 15:49:03
19139384868;p-svmobi-fitnesstips-c-01;25/04/2022 11:30:54;12812797;INACTIVE;25/04/2022 11:11:10;25/04/2022 11:30:54
13590876453;p-svmobi-fitnesstips-c-01;12/04/2022 10:04:23;13564366;INACTIVE;29/10/2020 12:46:14;12/04/2022 10:04:23
15674138056;p-svmobi-gamebar-c-01;10/05/2022 02:10:31;42006085;INACTIVE;05/05/2021 19:51:27;08/04/2022 23:59:59
13122314318;p-svmobi-gamebar-c-01;13/05/2022 01:59:41;44567680;INACTIVE;26/09/2020 19:51:53;11/04/2022 23:59:59
14068606781;p-svmobi-gamebar-c-01;04/05/2022 01:34:05;11345419;INACTIVE;09/12/2020 20:25:22;02/04/2022 23:59:59
15423528699;p-svmobi-gamebar-c-01;02/05/2022 01:40:59;49077684;INACTIVE;21/04/2021 09:55:03;31/03/2022 23:59:59
12888972587;p-svmobi-gamebar-c-01;30/04/2022 01:49:53;31082157;INACTIVE;12/09/2020 16:46:40;29/03/2022 23:59:59
19139437030;p-svmobi-gamebar-c-01;25/04/2022 12:06:01;29726181;INACTIVE;25/04/2022 10:52:00;25/04/2022 12:06:01
19137986973;p-svmobi-gamebar-c-01;28/04/2022 17:46:59;29364608;INACTIVE;21/04/2022 04:55:18;28/04/2022 17:46:59
19137987000;p-svmobi-gamebar-c-01;21/04/2022 04:57:06;33585386;INACTIVE;21/04/2022 04:55:43;21/04/2022 04:57:06
19137987026;p-svmobi-gamebar-c-01;30/04/2022 18:49:59;4069724;INACTIVE;21/04/2022 04:56:42;30/04/2022 18:49:59
19138375756;p-svmobi-gamebar-c-01;22/04/2022 15:00:52;21571600;INACTIVE;22/04/2022 09:46:16;22/04/2022 15:00:52
19138376615;p-svmobi-gamebar-c-01;22/04/2022 09:49:41;38802493;INACTIVE;22/04/2022 09:46:56;22/04/2022 09:49:41
19138381582;p-svmobi-gamebar-c-01;24/04/2022 22:12:52;10309764;INACTIVE;22/04/2022 10:31:54;24/04/2022 22:12:52
19137786955;p-svmobi-gamebar-c-01;22/04/2022 08:53:45;57865766;INACTIVE;20/04/2022 13:58:21;22/04/2022 08:53:45
19137786964;p-svmobi-gamebar-c-01;23/05/2022 04:32:11;14294128;INACTIVE;20/04/2022 13:58:25;21/04/2022 23:59:59
19139438321;p-svmobi-gamebar-c-01;25/04/2022 10:57:06;31771647;INACTIVE;25/04/2022 10:56:12;25/04/2022 10:57:06
19139415739;p-svmobi-gamebar-c-01;25/04/2022 13:15:12;2116710;INACTIVE;25/04/2022 08:18:54;25/04/2022 13:15:12
19139431245;p-svmobi-gamebar-c-01;25/04/2022 17:08:20;39085110;INACTIVE;25/04/2022 10:31:12;25/04/2022 17:08:20
19139367141;p-svmobi-gamebar-c-01;25/04/2022 21:42:44;43838147;INACTIVE;25/04/2022 10:03:59;25/04/2022 21:42:44
19139414988;p-svmobi-gamebar-c-01;25/04/2022 09:31:33;37706100;INACTIVE;25/04/2022 08:16:04;25/04/2022 09:31:33
19139432347;p-svmobi-gamebar-c-01;13/05/2022 13:24:00;5943024;INACTIVE;25/04/2022 10:36:07;13/05/2022 13:24:00
19137792992;p-svmobi-gamebar-c-01;20/04/2022 14:53:19;17973983;INACTIVE;20/04/2022 14:51:19;20/04/2022 14:53:19
19139072192;p-svmobi-gamebar-c-01;04/05/2022 20:48:33;19314563;INACTIVE;24/04/2022 05:17:05;03/05/2022 23:59:59
19139072385;p-svmobi-gamebar-c-01;04/05/2022 20:48:33;10772488;INACTIVE;24/04/2022 05:44:54;05/05/2022 23:59:59
19139135439;p-svmobi-gamebar-c-01;25/04/2022 07:27:32;8157973;INACTIVE;24/04/2022 14:28:23;25/04/2022 07:27:32
19139072253;p-svmobi-gamebar-c-01;04/05/2022 20:48:33;40393950;INACTIVE;24/04/2022 05:25:19;25/04/2022 23:59:59
19139105634;p-svmobi-gamebar-c-01;04/05/2022 20:48:33;7579521;INACTIVE;24/04/2022 10:43:44;25/04/2022 23:59:59
19139105664;p-svmobi-gamebar-c-01;24/04/2022 10:47:52;38344525;INACTIVE;24/04/2022 10:44:24;24/04/2022 10:47:52
19139007908;p-svmobi-gamebar-c-01;04/05/2022 20:48:33;12896614;INACTIVE;24/04/2022 13:50:45;04/05/2022 23:59:59
19139008911;p-svmobi-gamebar-c-01;04/05/2022 20:48:33;9155730;INACTIVE;24/04/2022 14:06:24;05/05/2022 23:59:59
19139105963;p-svmobi-gamebar-c-01;24/04/2022 10:55:39;34766487;INACTIVE;24/04/2022 10:49:48;24/04/2022 10:55:39
19139008154;p-svmobi-gamebar-c-01;04/05/2022 20:48:33;11792613;INACTIVE;24/04/2022 13:56:00;03/05/2022 23:59:59
19139106164;p-svmobi-gamebar-c-01;04/05/2022 20:48:33;51290980;INACTIVE;24/04/2022 10:52:35;25/04/2022 23:59:59
19139131723;p-svmobi-gamebar-c-01;25/04/2022 06:39:21;21379551;INACTIVE;24/04/2022 13:50:16;25/04/2022 06:39:21
19139132047;p-svmobi-gamebar-c-01;04/05/2022 20:48:33;37618056;INACTIVE;24/04/2022 13:53:56;03/05/2022 23:59:59
19139132243;p-svmobi-gamebar-c-01;04/05/2022 20:48:33;48475948;INACTIVE;24/04/2022 13:55:40;05/05/2022 23:59:59
19139132288;p-svmobi-gamebar-c-01;02/05/2022 11:25:51;3262707;INACTIVE;24/04/2022 13:56:34;02/05/2022 11:25:51
19139132315;p-svmobi-gamebar-c-01;04/05/2022 20:48:33;43367412;INACTIVE;24/04/2022 13:56:58;05/05/2022 23:59:59
19139132503;p-svmobi-gamebar-c-01;04/05/2022 20:48:33;1518599;INACTIVE;24/04/2022 14:00:30;25/04/2022 23:59:59
19139071960;p-svmobi-gamebar-c-01;04/05/2022 20:48:33;3280704;INACTIVE;24/04/2022 04:29:55;05/05/2022 23:59:59
19139071969;p-svmobi-gamebar-c-01;04/05/2022 20:48:33;5194467;INACTIVE;24/04/2022 04:31:40;25/04/2022 23:59:59
19139071972;p-svmobi-gamebar-c-01;25/04/2022 14:26:57;14605589;INACTIVE;24/04/2022 04:32:10;25/04/2022 14:26:57
19138991793;p-svmobi-gamebar-c-01;04/05/2022 20:48:33;769622;INACTIVE;24/04/2022 10:46:04;25/04/2022 23:59:59
19139008899;p-svmobi-gamebar-c-01;04/05/2022 20:48:33;37812627;INACTIVE;24/04/2022 14:06:06;05/05/2022 23:59:59
19139210272;p-svmobi-gamebar-c-01;04/05/2022 20:48:34;14777141;INACTIVE;24/04/2022 14:27:09;25/04/2022 23:59:59
19139135672;p-svmobi-gamebar-c-01;04/05/2022 20:48:33;2285943;INACTIVE;24/04/2022 14:31:14;25/04/2022 23:59:59
19139134760;p-svmobi-gamebar-c-01;04/05/2022 20:48:33;2108271;INACTIVE;24/04/2022 14:20:48;26/04/2022 23:59:59
19138959295;p-svmobi-gamebar-c-01;24/04/2022 09:55:49;6396221;INACTIVE;24/04/2022 06:09:43;24/04/2022 09:55:49
19139132285;p-svmobi-gamebar-c-01;04/05/2022 20:48:33;15065199;INACTIVE;24/04/2022 13:56:29;25/04/2022 23:59:59
19139111655;p-svmobi-gamebar-c-01;04/05/2022 20:48:33;9013012;INACTIVE;24/04/2022 11:45:41;30/04/2022 23:59:59
19139112023;p-svmobi-gamebar-c-01;04/05/2022 20:48:33;18760353;INACTIVE;24/04/2022 11:45:59;25/04/2022 23:59:59
19139134912;p-svmobi-gamebar-c-01;04/05/2022 20:48:33;3140264;INACTIVE;24/04/2022 14:22:14;05/05/2022 23:59:59
19139009103;p-svmobi-gamebar-c-01;04/05/2022 20:48:33;45560162;INACTIVE;24/04/2022 14:11:28;05/05/2022 23:59:59
19139132337;p-svmobi-gamebar-c-01;04/05/2022 20:48:33;47328549;INACTIVE;24/04/2022 13:57:26;25/04/2022 23:59:59
19139008217;p-svmobi-gamebar-c-01;04/05/2022 20:48:33;48266700;INACTIVE;24/04/2022 13:56:48;02/05/2022 23:59:59
19138958562;p-svmobi-gamebar-c-01;04/05/2022 20:48:32;45028302;INACTIVE;24/04/2022 03:56:27;25/04/2022 23:59:59
19139072225;p-svmobi-gamebar-c-01;04/05/2022 20:48:33;36359302;INACTIVE;24/04/2022 05:21:33;27/04/2022 23:59:59
19139071711;p-svmobi-gamebar-c-01;04/05/2022 20:48:33;46610531;INACTIVE;24/04/2022 03:56:48;26/04/2022 23:59:59
19139071955;p-svmobi-gamebar-c-01;04/05/2022 20:48:33;33637762;INACTIVE;24/04/2022 04:29:33;05/05/2022 23:59:59
19139209680;p-svmobi-gamebar-c-01;04/05/2022 20:48:34;25401570;INACTIVE;24/04/2022 14:16:38;25/04/2022 23:59:59
19138995138;p-svmobi-gamebar-c-01;04/05/2022 20:48:33;11055776;INACTIVE;24/04/2022 11:44:45;05/05/2022 23:59:59
19139133304;p-svmobi-gamebar-c-01;04/05/2022 20:48:33;16234718;INACTIVE;24/04/2022 14:11:04;25/04/2022 23:59:59
19139133323;p-svmobi-gamebar-c-01;04/05/2022 20:48:33;39547130;INACTIVE;24/04/2022 14:11:17;25/04/2022 23:59:59
15455173955;p-svmobi-gamebar-c-01;21/05/2022 02:18:51;36716279;INACTIVE;23/04/2021 16:32:51;19/04/2022 23:59:59
14342377528;p-svmobi-gamebar-c-01;23/03/2022 14:35:49;5128088;INACTIVE;05/01/2021 19:47:28;23/03/2022 14:35:49
15418527828;p-svmobi-gamebar-c-01;25/03/2022 21:56:20;32873097;INACTIVE;20/04/2021 20:52:31;25/03/2022 21:56:20
14318813820;p-svmobi-gamebar-c-01;14/05/2022 13:41:20;42533207;INACTIVE;03/01/2021 14:47:15;14/05/2022 13:41:20
12100225123;p-svmobi-gamebar-c-01;21/04/2022 01:33:58;10163952;INACTIVE;29/07/2020 10:51:15;20/03/2022 23:59:59
19147656147;p-svmobi-gamebar-c-01;17/05/2022 18:26:54;38941532;INACTIVE;17/05/2022 12:16:32;18/05/2022 23:59:59
19147653597;p-svmobi-gamebar-c-01;17/05/2022 18:26:54;38455166;INACTIVE;17/05/2022 11:56:36;18/05/2022 23:59:59
19147654480;p-svmobi-gamebar-c-01;17/05/2022 18:26:54;25531383;INACTIVE;17/05/2022 12:02:13;18/05/2022 23:59:59
15621075291;p-svmobi-gamebar-c-01;19/04/2022 05:39:28;21734559;INACTIVE;03/05/2021 20:32:56;18/03/2022 23:59:59
19147651252;p-svmobi-gamebar-c-01;17/05/2022 18:26:54;29951164;INACTIVE;17/05/2022 11:36:45;18/05/2022 23:59:59
19147659038;p-svmobi-gamebar-c-01;17/05/2022 18:26:55;820772;INACTIVE;17/05/2022 12:46:42;18/05/2022 23:59:59
19147659061;p-svmobi-gamebar-c-01;17/05/2022 12:48:56;42379065;INACTIVE;17/05/2022 12:47:14;17/05/2022 12:48:56
19147641010;p-svmobi-gamebar-c-01;17/05/2022 18:26:54;35040908;INACTIVE;17/05/2022 10:19:10;18/05/2022 23:59:59
19147651222;p-svmobi-gamebar-c-01;17/05/2022 18:26:54;4970209;INACTIVE;17/05/2022 11:36:24;18/05/2022 23:59:59
19147657968;p-svmobi-gamebar-c-01;17/05/2022 18:26:54;33136225;INACTIVE;17/05/2022 12:37:46;18/05/2022 23:59:59
19147649204;p-svmobi-gamebar-c-01;17/05/2022 18:26:54;9496697;INACTIVE;17/05/2022 11:20:40;18/05/2022 23:59:59
19147410693;p-svmobi-gamebar-c-01;16/05/2022 18:21:29;6579056;INACTIVE;16/05/2022 15:58:58;16/05/2022 18:21:29
19147410695;p-svmobi-gamebar-c-01;17/05/2022 18:26:53;22306533;INACTIVE;16/05/2022 15:58:59;18/05/2022 23:59:59
19147410711;p-svmobi-gamebar-c-01;17/05/2022 18:26:53;10917499;INACTIVE;16/05/2022 15:59:17;17/05/2022 23:59:59
19147653090;p-svmobi-gamebar-c-01;17/05/2022 18:26:54;23979966;INACTIVE;17/05/2022 11:51:43;18/05/2022 23:59:59
19147410995;p-svmobi-gamebar-c-01;17/05/2022 18:26:53;37748010;INACTIVE;16/05/2022 16:01:44;17/05/2022 23:59:59
19147652181;p-svmobi-gamebar-c-01;17/05/2022 18:26:54;22115179;INACTIVE;17/05/2022 11:45:40;18/05/2022 23:59:59
19147653655;p-svmobi-gamebar-c-01;17/05/2022 18:26:54;2243042;INACTIVE;17/05/2022 11:57:17;18/05/2022 23:59:59
19147657347;p-svmobi-gamebar-c-01;17/05/2022 18:26:54;40232178;INACTIVE;17/05/2022 12:25:36;18/05/2022 23:59:59
19147657385;p-svmobi-gamebar-c-01;17/05/2022 13:18:54;45990551;INACTIVE;17/05/2022 12:26:22;17/05/2022 13:18:54
19147657639;p-svmobi-gamebar-c-01;17/05/2022 13:47:11;29946934;INACTIVE;17/05/2022 12:30:17;17/05/2022 13:47:11
19147410680;p-svmobi-gamebar-c-01;17/05/2022 18:26:53;45737319;INACTIVE;16/05/2022 15:58:46;17/05/2022 23:59:59
19147410913;p-svmobi-gamebar-c-01;16/05/2022 16:03:13;47314970;INACTIVE;16/05/2022 16:01:05;16/05/2022 16:03:13
19147410966;p-svmobi-gamebar-c-01;17/05/2022 18:26:53;48763081;INACTIVE;16/05/2022 16:01:22;17/05/2022 23:59:59
19147411000;p-svmobi-gamebar-c-01;17/05/2022 18:26:53;49246254;INACTIVE;16/05/2022 16:01:50;17/05/2022 23:59:59
19147500450;p-svmobi-gamebar-c-01;17/05/2022 18:26:53;28063761;INACTIVE;17/05/2022 03:47:06;18/05/2022 23:59:59
19147652220;p-svmobi-gamebar-c-01;17/05/2022 18:26:54;995731;INACTIVE;17/05/2022 11:46:03;18/05/2022 23:59:59
19147653703;p-svmobi-gamebar-c-01;17/05/2022 18:26:54;19043832;INACTIVE;17/05/2022 11:57:42;18/05/2022 23:59:59
19147656227;p-svmobi-gamebar-c-01;17/05/2022 18:26:54;29596355;INACTIVE;17/05/2022 12:17:29;18/05/2022 23:59:59
19147656228;p-svmobi-gamebar-c-01;17/05/2022 12:34:48;46729009;INACTIVE;17/05/2022 12:17:29;17/05/2022 12:34:48
19147410790;p-svmobi-gamebar-c-01;17/05/2022 18:26:53;2155281;INACTIVE;16/05/2022 16:00:36;17/05/2022 23:59:59
19147659508;p-svmobi-gamebar-c-01;17/05/2022 18:26:55;46052700;INACTIVE;17/05/2022 12:50:49;18/05/2022 23:59:59
19147656113;p-svmobi-gamebar-c-01;17/05/2022 18:26:54;1103981;INACTIVE;17/05/2022 12:16:21;18/05/2022 23:59:59
19147656137;p-svmobi-gamebar-c-01;17/05/2022 18:26:54;48407838;INACTIVE;17/05/2022 12:16:26;18/05/2022 23:59:59
19147635428;p-svmobi-gamebar-c-01;17/05/2022 18:26:53;8681788;INACTIVE;17/05/2022 09:37:36;18/05/2022 23:59:59
19147410786;p-svmobi-gamebar-c-01;16/05/2022 19:03:09;2916054;INACTIVE;16/05/2022 16:00:33;16/05/2022 19:03:09
19147658865;p-svmobi-gamebar-c-01;17/05/2022 18:26:55;49101635;INACTIVE;17/05/2022 12:42:36;18/05/2022 23:59:59
19147500252;p-svmobi-gamebar-c-01;17/05/2022 18:26:53;18478429;INACTIVE;17/05/2022 03:44:29;18/05/2022 23:59:59
19147653327;p-svmobi-gamebar-c-01;17/05/2022 18:26:54;336634;INACTIVE;17/05/2022 11:54:17;18/05/2022 23:59:59
19147653220;p-svmobi-gamebar-c-01;17/05/2022 18:26:54;40537376;INACTIVE;17/05/2022 11:53:07;18/05/2022 23:59:59
19147411077;p-svmobi-gamebar-c-01;17/05/2022 18:26:53;42048606;INACTIVE;16/05/2022 16:02:46;17/05/2022 23:59:59
19147410643;p-svmobi-gamebar-c-01;17/05/2022 18:26:53;39576266;INACTIVE;16/05/2022 15:58:30;17/05/2022 23:59:59
19147501140;p-svmobi-gamebar-c-01;17/05/2022 18:26:53;26121804;INACTIVE;17/05/2022 03:58:59;18/05/2022 23:59:59
19147287371;p-svmobi-gamebar-c-01;17/05/2022 18:26:52;47674383;INACTIVE;16/05/2022 12:29:51;17/05/2022 23:59:59
19147635612;p-svmobi-gamebar-c-01;17/05/2022 18:26:53;11717258;INACTIVE;17/05/2022 09:38:44;18/05/2022 23:59:59
19147635884;p-svmobi-gamebar-c-01;17/05/2022 18:26:53;34125757;INACTIVE;17/05/2022 09:40:48;18/05/2022 23:59:59
19147500224;p-svmobi-gamebar-c-01;17/05/2022 03:45:43;1322949;INACTIVE;17/05/2022 03:43:58;17/05/2022 03:45:43
19147500212;p-svmobi-gamebar-c-01;17/05/2022 18:26:53;3615865;INACTIVE;17/05/2022 03:43:51;18/05/2022 23:59:59
19147287569;p-svmobi-gamebar-c-01;17/05/2022 18:26:52;58051016;INACTIVE;16/05/2022 12:31:10;18/05/2022 23:59:59
19147640148;p-svmobi-gamebar-c-01;17/05/2022 18:26:54;57977397;INACTIVE;17/05/2022 10:15:51;18/05/2022 23:59:59
19147500075;p-svmobi-gamebar-c-01;17/05/2022 18:26:53;39059674;INACTIVE;17/05/2022 03:42:19;18/05/2022 23:59:59
14361301076;p-svmobi-gamebar-c-01;23/04/2022 13:17:32;8106892;INACTIVE;07/01/2021 18:01:27;23/04/2022 13:17:32
15450228081;p-svmobi-gamebar-c-01;30/04/2022 02:11:49;30512712;INACTIVE;23/04/2021 09:45:03;29/03/2022 23:59:59
14585829193;p-svmobi-gamebar-c-01;12/04/2022 10:36:40;24289068;INACTIVE;30/01/2021 16:24:42;12/04/2022 10:36:40
14614444736;p-svmobi-gamebar-c-01;19/05/2022 02:04:21;55477154;INACTIVE;02/02/2021 16:30:18;17/04/2022 23:59:59
14636050328;p-svmobi-gamebar-c-01;21/04/2022 00:17:12;43154546;INACTIVE;04/02/2021 22:03:44;20/03/2022 23:59:59
15576209467;p-svmobi-gamebar-c-01;13/03/2022 18:07:59;42502965;INACTIVE;02/05/2021 10:59:22;13/03/2022 18:07:59
15635772874;p-svmobi-gamebar-c-01;20/04/2022 03:55:30;6281269;INACTIVE;04/05/2021 15:57:36;19/03/2022 23:59:59
15757373010;p-svmobi-gamebar-c-01;06/04/2022 05:32:09;3810182;INACTIVE;10/05/2021 09:04:25;05/03/2022 23:59:59
15755855713;p-svmobi-gamebar-c-01;07/05/2022 02:04:59;1615414;INACTIVE;10/05/2021 04:58:22;05/04/2022 23:59:59
15755855721;p-svmobi-gamebar-c-01;05/04/2022 02:04:44;15379081;INACTIVE;10/05/2021 04:58:36;04/03/2022 23:59:59
19137684834;p-svmobi-gamebar-c-01;02/05/2022 12:26:45;48785489;INACTIVE;20/04/2022 03:52:19;02/05/2022 12:26:45
19138053831;p-svmobi-gamebar-c-01;12/05/2022 16:11:43;10825867;INACTIVE;21/04/2022 07:46:01;12/05/2022 16:11:43
19138095155;p-svmobi-gamebar-c-01;22/05/2022 17:55:37;37494856;INACTIVE;21/04/2022 12:19:40;22/05/2022 17:55:37
14632279121;p-svmobi-gamebar-c-01;06/05/2022 01:40:35;35145298;INACTIVE;04/02/2021 12:13:32;04/04/2022 23:59:59
12740927791;p-svmobi-gamebar-c-01;11/05/2022 01:40:40;39307422;INACTIVE;03/09/2020 22:51:03;09/04/2022 23:59:59
19139366968;p-svmobi-gamebar-c-01;20/05/2022 09:34:50;17178720;INACTIVE;25/04/2022 10:01:10;20/05/2022 09:34:50
19139401006;p-svmobi-gamebar-c-01;25/04/2022 18:07:42;20792928;INACTIVE;25/04/2022 13:06:45;25/04/2022 18:07:42
19139400573;p-svmobi-gamebar-c-01;02/05/2022 19:37:08;47856279;INACTIVE;25/04/2022 13:02:32;02/05/2022 19:37:08
11103455851;p-svmobi-gamebar-c-01;05/04/2022 01:22:19;24073641;INACTIVE;30/05/2020 07:29:31;04/03/2022 23:59:59
19139391880;p-svmobi-gamebar-c-01;27/04/2022 07:38:14;39288434;INACTIVE;25/04/2022 11:46:06;27/04/2022 07:38:14
19139354996;p-svmobi-gamebar-c-01;25/04/2022 09:46:43;5543;INACTIVE;25/04/2022 08:07:59;25/04/2022 09:46:43
19139377416;p-svmobi-gamebar-c-01;18/05/2022 12:13:54;23487887;INACTIVE;25/04/2022 10:46:06;18/05/2022 12:13:54
19147730305;p-svmobi-gamebar-c-01;17/05/2022 18:26:56;1236992;INACTIVE;17/05/2022 12:12:14;18/05/2022 23:59:59
19147720790;p-svmobi-gamebar-c-01;17/05/2022 18:26:56;19216281;INACTIVE;17/05/2022 11:25:45;18/05/2022 23:59:59
19147731273;p-svmobi-gamebar-c-01;17/05/2022 18:26:57;33515599;INACTIVE;17/05/2022 12:17:01;18/05/2022 23:59:59
19147734323;p-svmobi-gamebar-c-01;17/05/2022 18:26:57;6471002;INACTIVE;17/05/2022 12:27:05;18/05/2022 23:59:59
19147724711;p-svmobi-gamebar-c-01;17/05/2022 11:59:33;33790716;INACTIVE;17/05/2022 11:45:50;17/05/2022 11:59:33
19147723451;p-svmobi-gamebar-c-01;17/05/2022 18:26:56;11645537;INACTIVE;17/05/2022 11:38:27;18/05/2022 23:59:59
19147380436;p-svmobi-gamebar-c-01;17/05/2022 18:26:53;37885299;INACTIVE;16/05/2022 12:28:03;17/05/2022 23:59:59
19147400586;p-svmobi-gamebar-c-01;17/05/2022 18:26:53;58088768;INACTIVE;16/05/2022 16:03:12;17/05/2022 23:59:59
19147729357;p-svmobi-gamebar-c-01;17/05/2022 18:26:56;168358;INACTIVE;17/05/2022 12:07:15;18/05/2022 23:59:59
19147724104;p-svmobi-gamebar-c-01;17/05/2022 18:26:56;41629843;INACTIVE;17/05/2022 11:41:53;18/05/2022 23:59:59
19147734264;p-svmobi-gamebar-c-01;17/05/2022 18:26:57;10191926;INACTIVE;17/05/2022 12:26:38;18/05/2022 23:59:59
19147712127;p-svmobi-gamebar-c-01;17/05/2022 18:26:56;37570899;INACTIVE;17/05/2022 10:16:05;18/05/2022 23:59:59
19147726561;p-svmobi-gamebar-c-01;17/05/2022 18:26:56;7288874;INACTIVE;17/05/2022 11:56:55;18/05/2022 23:59:59
19147734282;p-svmobi-gamebar-c-01;17/05/2022 18:26:57;55531470;INACTIVE;17/05/2022 12:26:47;18/05/2022 23:59:59
19147727971;p-svmobi-gamebar-c-01;17/05/2022 18:26:56;57794118;INACTIVE;17/05/2022 12:02:38;18/05/2022 23:59:59
19147735335;p-svmobi-gamebar-c-01;17/05/2022 18:26:57;3359486;INACTIVE;17/05/2022 12:34:29;18/05/2022 23:59:59
19147584137;p-svmobi-gamebar-c-01;17/05/2022 18:26:53;6920121;INACTIVE;17/05/2022 03:44:06;18/05/2022 23:59:59
19147712303;p-svmobi-gamebar-c-01;17/05/2022 18:26:56;7648034;INACTIVE;17/05/2022 10:16:52;18/05/2022 23:59:59
19147734148;p-svmobi-gamebar-c-01;17/05/2022 12:27:57;39358358;INACTIVE;17/05/2022 12:25:45;17/05/2022 12:27:57
19147734521;p-svmobi-gamebar-c-01;17/05/2022 12:45:35;14515800;INACTIVE;17/05/2022 12:28:20;17/05/2022 12:45:35
19139394498;p-svmobi-gamebar-c-01;25/04/2022 12:28:45;8983637;INACTIVE;25/04/2022 12:06:30;25/04/2022 12:28:45
19147400787;p-svmobi-gamebar-c-01;16/05/2022 16:07:12;617232;INACTIVE;16/05/2022 16:05:44;16/05/2022 16:07:12
19147584234;p-svmobi-gamebar-c-01;17/05/2022 18:26:53;39663306;INACTIVE;17/05/2022 03:46:44;18/05/2022 23:59:59
19147381024;p-svmobi-gamebar-c-01;17/05/2022 18:26:53;6090018;INACTIVE;16/05/2022 12:32:26;17/05/2022 23:59:59
19147730034;p-svmobi-gamebar-c-01;17/05/2022 18:26:56;23699405;INACTIVE;17/05/2022 12:10:50;18/05/2022 23:59:59
19147739214;p-svmobi-gamebar-c-01;17/05/2022 18:26:57;23354547;INACTIVE;17/05/2022 12:58:10;18/05/2022 23:59:59
19147734354;p-svmobi-gamebar-c-01;17/05/2022 18:26:57;57781036;INACTIVE;17/05/2022 12:27:18;18/05/2022 23:59:59
19147380382;p-svmobi-gamebar-c-01;17/05/2022 18:26:53;57599210;INACTIVE;16/05/2022 12:27:19;17/05/2022 23:59:59
19147728596;p-svmobi-gamebar-c-01;17/05/2022 18:26:56;12857433;INACTIVE;17/05/2022 12:04:24;18/05/2022 23:59:59
19147737757;p-svmobi-gamebar-c-01;17/05/2022 18:26:57;12058388;INACTIVE;17/05/2022 12:47:24;18/05/2022 23:59:59
19147727045;p-svmobi-gamebar-c-01;17/05/2022 18:26:56;20754229;INACTIVE;17/05/2022 12:00:56;18/05/2022 23:59:59
19147584156;p-svmobi-gamebar-c-01;17/05/2022 18:26:53;28764582;INACTIVE;17/05/2022 03:44:57;18/05/2022 23:59:59
19147584232;p-svmobi-gamebar-c-01;17/05/2022 18:26:53;8543470;INACTIVE;17/05/2022 03:46:39;18/05/2022 23:59:59
19147737796;p-svmobi-gamebar-c-01;17/05/2022 18:26:57;16127029;INACTIVE;17/05/2022 12:47:42;18/05/2022 23:59:59
19147400223;p-svmobi-gamebar-c-01;17/05/2022 18:26:53;39699773;INACTIVE;16/05/2022 15:59:09;17/05/2022 23:59:59
19147400408;p-svmobi-gamebar-c-01;17/05/2022 18:26:53;3016861;INACTIVE;16/05/2022 16:01:00;18/05/2022 23:59:59
19147726497;p-svmobi-gamebar-c-01;17/05/2022 18:26:56;53118948;INACTIVE;17/05/2022 11:56:28;18/05/2022 23:59:59
19147735706;p-svmobi-gamebar-c-01;17/05/2022 18:26:57;15803055;INACTIVE;17/05/2022 12:36:53;18/05/2022 23:59:59
19147735815;p-svmobi-gamebar-c-01;17/05/2022 18:26:57;43367412;INACTIVE;17/05/2022 12:37:34;18/05/2022 23:59:59
19139404117;p-svmobi-gamebar-c-01;25/04/2022 22:43:16;19843555;INACTIVE;25/04/2022 13:28:41;25/04/2022 22:43:16
19147380338;p-svmobi-gamebar-c-01;17/05/2022 18:26:52;25320426;INACTIVE;16/05/2022 12:26:58;18/05/2022 23:59:59
19147380429;p-svmobi-gamebar-c-01;16/05/2022 12:37:36;13503875;INACTIVE;16/05/2022 12:28:00;16/05/2022 12:37:36
19147584091;p-svmobi-gamebar-c-01;17/05/2022 07:07:39;32749483;INACTIVE;17/05/2022 03:43:05;17/05/2022 07:07:39
19147584092;p-svmobi-gamebar-c-01;17/05/2022 18:26:53;57242505;INACTIVE;17/05/2022 03:43:06;18/05/2022 23:59:59
19147584094;p-svmobi-gamebar-c-01;17/05/2022 18:26:53;14239159;INACTIVE;17/05/2022 03:43:10;18/05/2022 23:59:59
19147584100;p-svmobi-gamebar-c-01;17/05/2022 18:26:53;6319693;INACTIVE;17/05/2022 03:43:25;18/05/2022 23:59:59
19147375832;p-svmobi-gamebar-c-01;17/05/2022 18:26:52;9092931;INACTIVE;16/05/2022 12:08:00;17/05/2022 23:59:59
19147380621;p-svmobi-gamebar-c-01;17/05/2022 18:26:53;37305669;INACTIVE;16/05/2022 12:29:10;17/05/2022 23:59:59
19147584138;p-svmobi-gamebar-c-01;17/05/2022 18:26:53;16473119;INACTIVE;17/05/2022 03:44:08;18/05/2022 23:59:59
19147607718;p-svmobi-gamebar-c-01;17/05/2022 18:26:53;18907864;INACTIVE;17/05/2022 09:37:29;18/05/2022 23:59:59
19147400347;p-svmobi-gamebar-c-01;17/05/2022 18:26:53;91537;INACTIVE;16/05/2022 16:00:48;17/05/2022 23:59:59
19147400349;p-svmobi-gamebar-c-01;17/05/2022 18:26:53;52458890;INACTIVE;16/05/2022 16:00:49;17/05/2022 23:59:59
19147400523;p-svmobi-gamebar-c-01;17/05/2022 18:26:53;49257799;INACTIVE;16/05/2022 16:02:11;18/05/2022 23:59:59
19147400570;p-svmobi-gamebar-c-01;17/05/2022 18:26:53;26842823;INACTIVE;16/05/2022 16:02:57;17/05/2022 23:59:59
19147380441;p-svmobi-gamebar-c-01;17/05/2022 18:26:53;46747201;INACTIVE;16/05/2022 12:28:06;17/05/2022 23:59:59
19145867621;p-svmobi-gamebar-c-01;12/05/2022 06:13:51;6711555;INACTIVE;12/05/2022 04:16:44;12/05/2022 06:13:51
14466234831;p-svmobi-gamebar-c-01;15/05/2022 01:54:41;23760364;INACTIVE;18/01/2021 11:17:51;13/04/2022 23:59:59
19139366403;p-svmobi-gamebar-c-01;25/04/2022 09:55:45;38534973;INACTIVE;25/04/2022 09:53:02;25/04/2022 09:55:45
19139356656;p-svmobi-gamebar-c-01;03/05/2022 17:24:03;27052062;INACTIVE;25/04/2022 08:21:25;03/05/2022 17:24:03
19139367148;p-svmobi-gamebar-c-01;26/04/2022 16:00:20;14043703;INACTIVE;25/04/2022 10:04:03;26/04/2022 16:00:20
19138384543;p-svmobi-gamebar-c-01;18/05/2022 10:30:34;14044405;INACTIVE;22/04/2022 11:00:42;18/05/2022 10:30:34
19138384177;p-svmobi-gamebar-c-01;05/05/2022 13:12:56;24065660;INACTIVE;22/04/2022 10:55:54;05/05/2022 13:12:56
15380923888;p-svmobi-gamebar-c-01;10/05/2022 02:07:07;3071893;INACTIVE;19/04/2021 03:42:10;08/04/2022 23:59:59
14740592171;p-svmobi-worldforher-c-01;18/05/2022 02:10:29;55796681;INACTIVE;16/02/2021 02:56:08;16/04/2022 23:59:59
15349864536;p-svmobi-worldforher-c-01;19/03/2022 21:09:08;46291669;INACTIVE;16/04/2021 06:26:37;19/03/2022 21:09:08
15139013514;p-svmobi-worldforher-c-01;22/04/2022 02:10:37;9803242;INACTIVE;28/03/2021 04:44:52;21/03/2022 23:59:59
15681887323;p-svmobi-worldforher-c-01;19/04/2022 18:54:00;5664159;INACTIVE;06/05/2021 11:26:12;17/03/2022 23:59:59
19133453200;p-svmobi-worldforher-c-01;08/04/2022 09:49:40;9038596;INACTIVE;08/04/2022 09:48:53;08/04/2022 09:49:40
14626620913;p-svmobi-worldforher-c-01;20/04/2022 02:51:06;43154546;INACTIVE;03/02/2021 22:52:25;19/03/2022 23:59:59
15613022797;p-svmobi-worldforher-c-01;19/05/2022 02:10:45;26415921;INACTIVE;03/05/2021 10:34:36;17/04/2022 23:59:59
14318636552;p-svmobi-worldforher-c-01;16/03/2022 11:34:16;7137376;INACTIVE;03/01/2021 13:11:16;16/03/2022 11:34:16
19139454041;p-svmobi-gamebar-c-01;25/04/2022 13:20:55;14321200;INACTIVE;25/04/2022 12:52:02;25/04/2022 13:20:55
19137793146;p-svmobi-gamebar-c-01;23/05/2022 05:05:07;27855813;INACTIVE;20/04/2022 14:51:52;21/04/2022 23:59:59
14436918709;p-svmobi-gamebar-c-01;21/03/2022 01:28:51;41519647;INACTIVE;15/01/2021 11:36:43;21/03/2022 01:28:51
19139133311;p-svmobi-gamebar-c-01;03/05/2022 10:42:16;7208004;INACTIVE;24/04/2022 14:11:10;03/05/2022 10:42:16
19139133374;p-svmobi-gamebar-c-01;02/05/2022 07:22:31;57757286;INACTIVE;24/04/2022 14:11:50;02/05/2022 07:22:31
19139105689;p-svmobi-gamebar-c-01;04/05/2022 20:48:33;4919251;INACTIVE;24/04/2022 10:45:02;05/05/2022 23:59:59
19139134753;p-svmobi-gamebar-c-01;04/05/2022 20:48:33;34697444;INACTIVE;24/04/2022 14:20:42;30/04/2022 23:59:59
19139133354;p-svmobi-gamebar-c-01;04/05/2022 20:48:33;33107852;INACTIVE;24/04/2022 14:11:33;25/04/2022 23:59:59
19139133420;p-svmobi-gamebar-c-01;04/05/2022 20:48:33;19642083;INACTIVE;24/04/2022 14:12:38;29/04/2022 23:59:59
19139134545;p-svmobi-gamebar-c-01;04/05/2022 20:48:33;57937767;INACTIVE;24/04/2022 14:18:51;25/04/2022 23:59:59
19139133968;p-svmobi-gamebar-c-01;04/05/2022 20:48:33;57876979;INACTIVE;24/04/2022 14:15:29;03/05/2022 23:59:59
19138991942;p-svmobi-gamebar-c-01;04/05/2022 20:48:33;11512320;INACTIVE;24/04/2022 10:51:35;05/05/2022 23:59:59
19139008433;p-svmobi-gamebar-c-01;04/05/2022 20:48:33;9794463;INACTIVE;24/04/2022 14:01:05;29/04/2022 23:59:59
19139209993;p-svmobi-gamebar-c-01;04/05/2022 20:48:34;38865765;INACTIVE;24/04/2022 14:21:41;25/04/2022 23:59:59
19138991794;p-svmobi-gamebar-c-01;04/05/2022 20:48:33;39787146;INACTIVE;24/04/2022 10:46:10;26/04/2022 23:59:59
19138995772;p-svmobi-gamebar-c-01;04/05/2022 20:48:33;42976801;INACTIVE;24/04/2022 11:47:13;04/05/2022 23:59:59
19139135340;p-svmobi-gamebar-c-01;04/05/2022 20:48:33;43547438;INACTIVE;24/04/2022 14:27:01;05/05/2022 23:59:59
19139111652;p-svmobi-gamebar-c-01;04/05/2022 20:48:33;36805619;INACTIVE;24/04/2022 11:45:39;05/05/2022 23:59:59
19139111658;p-svmobi-gamebar-c-01;04/05/2022 20:48:33;52268093;INACTIVE;24/04/2022 11:45:41;05/05/2022 23:59:59
19139071458;p-svmobi-gamebar-c-01;04/05/2022 20:48:33;30786629;INACTIVE;24/04/2022 03:46:27;03/05/2022 23:59:59
19139071556;p-svmobi-gamebar-c-01;27/04/2022 22:19:04;46663345;INACTIVE;24/04/2022 03:51:45;27/04/2022 22:19:04
19139072364;p-svmobi-gamebar-c-01;24/04/2022 07:51:51;20600330;INACTIVE;24/04/2022 05:42:47;24/04/2022 07:51:51
19139112679;p-svmobi-gamebar-c-01;25/04/2022 10:03:48;44990934;INACTIVE;24/04/2022 11:48:28;25/04/2022 10:03:48
19139132678;p-svmobi-gamebar-c-01;24/04/2022 16:26:40;11793742;INACTIVE;24/04/2022 14:01:31;24/04/2022 16:26:40
19139209719;p-svmobi-gamebar-c-01;04/05/2022 20:48:34;3302405;INACTIVE;24/04/2022 14:17:04;05/05/2022 23:59:59
19139210003;p-svmobi-gamebar-c-01;04/05/2022 20:48:34;13795152;INACTIVE;24/04/2022 14:21:49;25/04/2022 23:59:59
19138995354;p-svmobi-gamebar-c-01;27/04/2022 09:18:14;27668389;INACTIVE;24/04/2022 11:45:48;27/04/2022 09:18:14
19139133375;p-svmobi-gamebar-c-01;04/05/2022 20:48:33;34555713;INACTIVE;24/04/2022 14:11:52;05/05/2022 23:59:59
19139133403;p-svmobi-gamebar-c-01;04/05/2022 20:48:33;2807101;INACTIVE;24/04/2022 14:12:24;25/04/2022 23:59:59
19139131998;p-svmobi-gamebar-c-01;04/05/2022 20:48:33;20174038;INACTIVE;24/04/2022 13:53:23;25/04/2022 23:59:59
19139134768;p-svmobi-gamebar-c-01;04/05/2022 20:48:33;49203091;INACTIVE;24/04/2022 14:20:51;05/05/2022 23:59:59
19139111501;p-svmobi-gamebar-c-01;04/05/2022 20:48:33;37839222;INACTIVE;24/04/2022 11:44:31;25/04/2022 23:59:59
19139132587;p-svmobi-gamebar-c-01;25/04/2022 08:13:39;46674750;INACTIVE;24/04/2022 14:01:22;25/04/2022 08:13:39
19139132701;p-svmobi-gamebar-c-01;04/05/2022 20:48:33;101670;INACTIVE;24/04/2022 14:01:35;05/05/2022 23:59:59
19139133046;p-svmobi-gamebar-c-01;04/05/2022 20:48:33;41593813;INACTIVE;24/04/2022 14:06:36;25/04/2022 23:59:59
19139135433;p-svmobi-gamebar-c-01;04/05/2022 20:48:33;27110847;INACTIVE;24/04/2022 14:28:19;05/05/2022 23:59:59
15455672411;p-svmobi-gamebar-c-01;17/05/2022 02:14:35;13024332;INACTIVE;23/04/2021 17:12:55;15/04/2022 23:59:59
19138991771;p-svmobi-gamebar-c-01;04/05/2022 20:48:33;42659006;INACTIVE;24/04/2022 10:45:30;04/05/2022 23:59:59
19138991925;p-svmobi-gamebar-c-01;04/05/2022 20:48:33;38591952;INACTIVE;24/04/2022 10:51:06;25/04/2022 23:59:59
19138995557;p-svmobi-gamebar-c-01;04/05/2022 20:48:33;2062299;INACTIVE;24/04/2022 11:46:06;29/04/2022 23:59:59
19139449751;p-svmobi-gamebar-c-01;25/04/2022 13:19:03;29243446;INACTIVE;25/04/2022 12:01:09;25/04/2022 13:19:03
19138958940;p-svmobi-gamebar-c-01;26/04/2022 14:25:53;44818654;INACTIVE;24/04/2022 05:16:07;26/04/2022 14:25:53
19139105688;p-svmobi-gamebar-c-01;04/05/2022 20:48:33;33243965;INACTIVE;24/04/2022 10:45:01;25/04/2022 23:59:59
19139105863;p-svmobi-gamebar-c-01;04/05/2022 20:48:33;34891053;INACTIVE;24/04/2022 10:48:01;25/04/2022 23:59:59
19139111530;p-svmobi-gamebar-c-01;04/05/2022 20:48:33;38520255;INACTIVE;24/04/2022 11:44:44;05/05/2022 23:59:59
19139071473;p-svmobi-gamebar-c-01;04/05/2022 20:48:33;23928853;INACTIVE;24/04/2022 03:47:13;05/05/2022 23:59:59
19139111656;p-svmobi-gamebar-c-01;04/05/2022 20:48:33;16775144;INACTIVE;24/04/2022 11:45:41;25/04/2022 23:59:59
19139008423;p-svmobi-gamebar-c-01;04/05/2022 20:48:33;14930200;INACTIVE;24/04/2022 14:00:50;05/05/2022 23:59:59
19139072355;p-svmobi-gamebar-c-01;04/05/2022 20:48:33;2411530;INACTIVE;24/04/2022 05:41:41;25/04/2022 23:59:59
19139071463;p-svmobi-gamebar-c-01;04/05/2022 20:48:33;9841055;INACTIVE;24/04/2022 03:46:32;29/04/2022 23:59:59
19139071468;p-svmobi-gamebar-c-01;04/05/2022 20:48:33;4012842;INACTIVE;24/04/2022 03:46:43;25/04/2022 23:59:59
19139071513;p-svmobi-gamebar-c-01;04/05/2022 20:48:33;2711305;INACTIVE;24/04/2022 03:50:46;05/05/2022 23:59:59
19139135290;p-svmobi-gamebar-c-01;04/05/2022 20:48:33;46034394;INACTIVE;24/04/2022 14:26:22;02/05/2022 23:59:59
19139008896;p-svmobi-gamebar-c-01;04/05/2022 20:48:33;20457333;INACTIVE;24/04/2022 14:05:50;03/05/2022 23:59:59
19139009075;p-svmobi-gamebar-c-01;04/05/2022 20:48:33;6376880;INACTIVE;24/04/2022 14:10:45;03/05/2022 23:59:59
19138958484;p-svmobi-gamebar-c-01;04/05/2022 20:48:32;53732409;INACTIVE;24/04/2022 03:51:03;25/04/2022 23:59:59
19138958447;p-svmobi-gamebar-c-01;24/04/2022 04:23:42;22082885;INACTIVE;24/04/2022 03:46:00;24/04/2022 04:23:42
19138958625;p-svmobi-gamebar-c-01;24/04/2022 12:27:22;3124089;INACTIVE;24/04/2022 04:10:57;24/04/2022 12:27:22
19138958660;p-svmobi-gamebar-c-01;04/05/2022 20:48:33;13885751;INACTIVE;24/04/2022 04:19:25;04/05/2022 23:59:59
19139008134;p-svmobi-gamebar-c-01;04/05/2022 20:48:33;36704433;INACTIVE;24/04/2022 13:55:34;25/04/2022 23:59:59
19139008202;p-svmobi-gamebar-c-01;04/05/2022 20:48:33;46045898;INACTIVE;24/04/2022 13:56:34;03/05/2022 23:59:59
14461049304;p-svmobi-gamebar-c-01;15/04/2022 04:35:38;26106879;INACTIVE;17/01/2021 21:10:01;14/03/2022 23:59:59
15617043917;p-svmobi-gamebar-c-01;18/04/2022 02:54:54;56386894;INACTIVE;03/05/2021 15:58:26;17/03/2022 23:59:59
14119879156;p-svmobi-gamebar-c-01;31/03/2022 18:10:00;1364142;INACTIVE;14/12/2020 22:49:36;31/03/2022 18:10:00
19147654554;p-svmobi-gamebar-c-01;17/05/2022 18:26:54;41062620;INACTIVE;17/05/2022 12:02:31;18/05/2022 23:59:59
19147651731;p-svmobi-gamebar-c-01;17/05/2022 18:26:54;28350925;INACTIVE;17/05/2022 11:40:31;18/05/2022 23:59:59
19147625769;p-svmobi-gamebar-c-01;17/05/2022 18:26:53;5265789;INACTIVE;17/05/2022 08:35:52;18/05/2022 23:59:59
19147652983;p-svmobi-gamebar-c-01;17/05/2022 18:26:54;5444498;INACTIVE;17/05/2022 11:51:05;18/05/2022 23:59:59
19147649214;p-svmobi-gamebar-c-01;17/05/2022 18:26:54;32942269;INACTIVE;17/05/2022 11:20:48;18/05/2022 23:59:59
19147649291;p-svmobi-gamebar-c-01;17/05/2022 18:26:54;12684957;INACTIVE;17/05/2022 11:21:35;18/05/2022 23:59:59
19147653034;p-svmobi-gamebar-c-01;17/05/2022 12:19:08;902133;INACTIVE;17/05/2022 11:51:31;17/05/2022 12:19:08
19147649376;p-svmobi-gamebar-c-01;17/05/2022 18:26:54;8757313;INACTIVE;17/05/2022 11:22:43;18/05/2022 23:59:59
19147649677;p-svmobi-gamebar-c-01;17/05/2022 18:26:54;5352898;INACTIVE;17/05/2022 11:26:17;18/05/2022 23:59:59
19147635689;p-svmobi-gamebar-c-01;17/05/2022 18:26:53;28565516;INACTIVE;17/05/2022 09:39:17;18/05/2022 23:59:59
15621139110;p-svmobi-gamebar-c-01;13/05/2022 02:12:53;38889102;INACTIVE;03/05/2021 21:18:29;11/04/2022 23:59:59
19147652215;p-svmobi-gamebar-c-01;17/05/2022 18:26:54;3873301;INACTIVE;17/05/2022 11:45:59;18/05/2022 23:59:59
19147410749;p-svmobi-gamebar-c-01;16/05/2022 16:02:27;15233703;INACTIVE;16/05/2022 16:00:00;16/05/2022 16:02:27
19147410799;p-svmobi-gamebar-c-01;17/05/2022 18:26:53;1078061;INACTIVE;16/05/2022 16:00:44;17/05/2022 23:59:59
19147623787;p-svmobi-gamebar-c-01;17/05/2022 18:26:53;11577860;INACTIVE;17/05/2022 08:31:33;18/05/2022 23:59:59
19147410930;p-svmobi-gamebar-c-01;17/05/2022 18:26:53;5972007;INACTIVE;16/05/2022 16:01:08;17/05/2022 23:59:59
19147411113;p-svmobi-gamebar-c-01;17/05/2022 18:26:53;3622746;INACTIVE;16/05/2022 16:03:13;17/05/2022 23:59:59
19147410803;p-svmobi-gamebar-c-01;17/05/2022 18:26:53;22315839;INACTIVE;16/05/2022 16:00:49;17/05/2022 23:59:59
19147655760;p-svmobi-gamebar-c-01;17/05/2022 17:06:29;58131814;INACTIVE;17/05/2022 12:12:43;17/05/2022 17:06:29
19147626002;p-svmobi-gamebar-c-01;17/05/2022 08:41:14;9810519;INACTIVE;17/05/2022 08:36:44;17/05/2022 08:41:14
19147635758;p-svmobi-gamebar-c-01;17/05/2022 18:26:53;5009848;INACTIVE;17/05/2022 09:39:50;18/05/2022 23:59:59
15228765878;p-svmobi-gamebar-c-01;30/04/2022 02:18:47;45298829;INACTIVE;04/04/2021 15:48:10;29/03/2022 23:59:59
19147411048;p-svmobi-gamebar-c-01;17/05/2022 18:26:53;45959380;INACTIVE;16/05/2022 16:02:26;17/05/2022 23:59:59
19147655310;p-svmobi-gamebar-c-01;17/05/2022 18:26:54;2978501;INACTIVE;17/05/2022 12:06:56;18/05/2022 23:59:59
19147500053;p-svmobi-gamebar-c-01;17/05/2022 18:26:53;19065608;INACTIVE;17/05/2022 03:41:42;18/05/2022 23:59:59
19147653965;p-svmobi-gamebar-c-01;17/05/2022 18:26:54;24813858;INACTIVE;17/05/2022 12:00:56;18/05/2022 23:59:59
19147230217;p-svmobi-gamebar-c-01;17/05/2022 18:26:52;42151415;INACTIVE;16/05/2022 03:49:02;17/05/2022 23:59:59
19147410789;p-svmobi-gamebar-c-01;17/05/2022 18:26:53;37093929;INACTIVE;16/05/2022 16:00:35;17/05/2022 23:59:59
19147500332;p-svmobi-gamebar-c-01;17/05/2022 18:26:53;49338135;INACTIVE;17/05/2022 03:45:41;18/05/2022 23:59:59
19147287497;p-svmobi-gamebar-c-01;17/05/2022 18:26:52;30313479;INACTIVE;16/05/2022 12:30:40;17/05/2022 23:59:59
19147410719;p-svmobi-gamebar-c-01;17/05/2022 18:26:53;6875282;INACTIVE;16/05/2022 15:59:23;18/05/2022 23:59:59
19147649648;p-svmobi-gamebar-c-01;17/05/2022 18:26:54;25802660;INACTIVE;17/05/2022 11:25:48;18/05/2022 23:59:59
19147652247;p-svmobi-gamebar-c-01;17/05/2022 12:25:02;32702048;INACTIVE;17/05/2022 11:46:20;17/05/2022 12:25:02
19147500340;p-svmobi-gamebar-c-01;17/05/2022 18:26:53;16321827;INACTIVE;17/05/2022 03:45:49;18/05/2022 23:59:59
15415641219;p-svmobi-gamebar-c-01;01/05/2022 11:20:48;17478237;INACTIVE;20/04/2021 17:55:27;01/05/2022 11:20:48
19147410839;p-svmobi-gamebar-c-01;17/05/2022 18:26:53;40189651;INACTIVE;16/05/2022 16:00:55;17/05/2022 23:59:59
19147410944;p-svmobi-gamebar-c-01;17/05/2022 18:26:53;19223505;INACTIVE;16/05/2022 16:01:11;18/05/2022 23:59:59
19147411005;p-svmobi-gamebar-c-01;17/05/2022 18:26:53;22826078;INACTIVE;16/05/2022 16:01:55;17/05/2022 23:59:59
19147639783;p-svmobi-gamebar-c-01;17/05/2022 18:26:54;21410902;INACTIVE;17/05/2022 10:11:28;18/05/2022 23:59:59
19147635914;p-svmobi-gamebar-c-01;17/05/2022 18:26:53;14256640;INACTIVE;17/05/2022 09:41:05;18/05/2022 23:59:59
19147501103;p-svmobi-gamebar-c-01;17/05/2022 18:26:53;44200771;INACTIVE;17/05/2022 03:57:54;18/05/2022 23:59:59
19147639826;p-svmobi-gamebar-c-01;17/05/2022 18:26:54;46961913;INACTIVE;17/05/2022 10:11:56;18/05/2022 23:59:59
19147287082;p-svmobi-gamebar-c-01;17/05/2022 18:26:52;42887618;INACTIVE;16/05/2022 12:27:18;18/05/2022 23:59:59
19147410745;p-svmobi-gamebar-c-01;17/05/2022 18:26:53;29705304;INACTIVE;16/05/2022 15:59:56;17/05/2022 23:59:59
15584089377;p-svmobi-gamebar-c-01;18/04/2022 03:21:20;6530227;INACTIVE;02/05/2021 21:23:53;17/03/2022 23:59:59
15198569314;p-svmobi-gamebar-c-01;22/04/2022 06:24:31;16699752;INACTIVE;02/04/2021 05:04:58;21/03/2022 23:59:59
19138449408;p-svmobi-gamebar-c-01;22/04/2022 10:46:25;40313989;INACTIVE;22/04/2022 10:24:38;22/04/2022 10:46:25
19138452517;p-svmobi-gamebar-c-01;24/04/2022 15:06:50;38941532;INACTIVE;22/04/2022 10:56:09;24/04/2022 15:06:50
19138044365;p-svmobi-gamebar-c-01;21/04/2022 05:41:59;20463528;INACTIVE;21/04/2022 04:02:41;21/04/2022 05:41:59
19137846459;p-svmobi-gamebar-c-01;20/04/2022 16:12:14;37055680;INACTIVE;20/04/2022 13:58:18;20/04/2022 16:12:14
19138059187;p-svmobi-gamebar-c-01;22/04/2022 19:34:19;4902494;INACTIVE;21/04/2022 09:10:26;22/04/2022 19:34:19
19138054311;p-svmobi-gamebar-c-01;21/04/2022 12:18:23;32056899;INACTIVE;21/04/2022 07:55:24;21/04/2022 12:18:23
19137846433;p-svmobi-gamebar-c-01;20/04/2022 19:50:26;31251285;INACTIVE;20/04/2022 13:58:05;20/04/2022 19:50:26
19137846514;p-svmobi-gamebar-c-01;23/05/2022 03:49:22;5132461;INACTIVE;20/04/2022 13:59:15;21/04/2022 23:59:59
19137850965;p-svmobi-gamebar-c-01;20/04/2022 14:52:27;8984505;INACTIVE;20/04/2022 14:49:12;20/04/2022 14:52:27
15176091393;p-svmobi-gamebar-c-01;06/04/2022 19:50:33;29721833;INACTIVE;31/03/2021 08:57:15;06/04/2022 19:50:33
19138053940;p-svmobi-gamebar-c-01;02/05/2022 16:58:21;5682981;INACTIVE;21/04/2022 07:47:05;02/05/2022 16:58:21
19138046151;p-svmobi-gamebar-c-01;22/04/2022 13:28:25;52352577;INACTIVE;21/04/2022 04:51:01;22/04/2022 13:28:25
19138059208;p-svmobi-gamebar-c-01;22/04/2022 18:01:56;17664006;INACTIVE;21/04/2022 09:10:50;22/04/2022 18:01:56
19137851505;p-svmobi-gamebar-c-01;28/04/2022 11:57:01;26967945;INACTIVE;20/04/2022 14:51:18;28/04/2022 11:57:01
19138060520;p-svmobi-gamebar-c-01;27/04/2022 08:55:01;37219104;INACTIVE;21/04/2022 09:27:22;27/04/2022 08:55:01
19138044307;p-svmobi-gamebar-c-01;21/04/2022 09:10:21;15216666;INACTIVE;21/04/2022 04:01:13;21/04/2022 09:10:21
15674540581;p-svmobi-gamebar-c-01;16/05/2022 20:17:58;27602602;INACTIVE;05/05/2021 20:17:14;16/05/2022 20:17:58
19137435512;p-svmobi-gamebar-c-01;17/05/2022 13:07:04;3180910;INACTIVE;19/04/2022 10:02:59;17/05/2022 13:07:04
19139366398;p-svmobi-gamebar-c-01;26/04/2022 04:24:23;2273176;INACTIVE;25/04/2022 09:52:59;26/04/2022 04:24:23
19139366662;p-svmobi-gamebar-c-01;03/05/2022 07:28:57;20307809;INACTIVE;25/04/2022 09:56:34;03/05/2022 07:28:57
19139400556;p-svmobi-gamebar-c-01;09/05/2022 15:10:55;52355096;INACTIVE;25/04/2022 13:02:26;09/05/2022 15:10:55
19139355035;p-svmobi-gamebar-c-01;26/04/2022 17:21:00;117648;INACTIVE;25/04/2022 08:08:48;26/04/2022 17:21:00
19139355057;p-svmobi-gamebar-c-01;30/04/2022 09:46:32;26910054;INACTIVE;25/04/2022 08:09:04;30/04/2022 09:46:32
19139391114;p-svmobi-gamebar-c-01;25/04/2022 15:05:46;9591741;INACTIVE;25/04/2022 11:41:57;25/04/2022 15:05:46
19139371601;p-svmobi-gamebar-c-01;25/04/2022 15:26:20;28167744;INACTIVE;25/04/2022 10:26:48;25/04/2022 15:26:20
19139396186;p-svmobi-gamebar-c-01;25/04/2022 12:23:06;34793253;INACTIVE;25/04/2022 12:21:43;25/04/2022 12:23:06
15356562785;p-svmobi-gamebar-c-01;31/03/2022 08:15:44;20930490;INACTIVE;16/04/2021 19:16:18;30/03/2022 22:14:07
19139400954;p-svmobi-gamebar-c-01;16/05/2022 15:00:20;6919130;INACTIVE;25/04/2022 13:06:11;16/05/2022 15:00:20
19147731126;p-svmobi-gamebar-c-01;17/05/2022 18:26:56;28463241;INACTIVE;17/05/2022 12:15:56;18/05/2022 23:59:59
19147737917;p-svmobi-gamebar-c-01;17/05/2022 18:26:57;14355129;INACTIVE;17/05/2022 12:48:53;18/05/2022 23:59:59
19147733278;p-svmobi-gamebar-c-01;17/05/2022 18:26:57;618517;INACTIVE;17/05/2022 12:20:44;18/05/2022 23:59:59
19147730349;p-svmobi-gamebar-c-01;17/05/2022 18:26:56;15949698;INACTIVE;17/05/2022 12:12:25;18/05/2022 23:59:59
19147735922;p-svmobi-gamebar-c-01;17/05/2022 12:43:03;2354485;INACTIVE;17/05/2022 12:38:26;17/05/2022 12:43:03
19147728193;p-svmobi-gamebar-c-01;17/05/2022 18:26:56;27254155;INACTIVE;17/05/2022 12:03:09;18/05/2022 23:59:59
19147739207;p-svmobi-gamebar-c-01;17/05/2022 18:26:57;43778211;INACTIVE;17/05/2022 12:58:08;18/05/2022 23:59:59
19147735819;p-svmobi-gamebar-c-01;17/05/2022 18:26:57;3886361;INACTIVE;17/05/2022 12:37:37;18/05/2022 23:59:59
19147720320;p-svmobi-gamebar-c-01;17/05/2022 18:26:56;18174949;INACTIVE;17/05/2022 11:21:46;18/05/2022 23:59:59
19147400549;p-svmobi-gamebar-c-01;16/05/2022 16:03:14;73822;INACTIVE;16/05/2022 16:02:36;16/05/2022 16:03:14
19147720050;p-svmobi-gamebar-c-01;17/05/2022 18:26:56;47502093;INACTIVE;17/05/2022 11:19:26;18/05/2022 23:59:59
19147727070;p-svmobi-gamebar-c-01;17/05/2022 18:26:56;58089080;INACTIVE;17/05/2022 12:01:05;18/05/2022 23:59:59
19147730367;p-svmobi-gamebar-c-01;17/05/2022 18:26:56;18779806;INACTIVE;17/05/2022 12:12:30;18/05/2022 23:59:59
19147738681;p-svmobi-gamebar-c-01;17/05/2022 18:26:57;38678306;INACTIVE;17/05/2022 12:51:33;18/05/2022 23:59:59
19147720847;p-svmobi-gamebar-c-01;17/05/2022 18:26:56;46509346;INACTIVE;17/05/2022 11:26:20;18/05/2022 23:59:59
19147734513;p-svmobi-gamebar-c-01;17/05/2022 18:26:57;31188279;INACTIVE;17/05/2022 12:28:15;18/05/2022 23:59:59
19147400060;p-svmobi-gamebar-c-01;16/05/2022 16:48:06;13510254;INACTIVE;16/05/2022 15:58:08;16/05/2022 16:48:06
19147730126;p-svmobi-gamebar-c-01;17/05/2022 18:26:56;12579774;INACTIVE;17/05/2022 12:11:24;18/05/2022 23:59:59
19147720201;p-svmobi-gamebar-c-01;17/05/2022 18:26:56;42593190;INACTIVE;17/05/2022 11:20:42;18/05/2022 23:59:59
19147711701;p-svmobi-gamebar-c-01;17/05/2022 10:17:26;6606411;INACTIVE;17/05/2022 10:13:34;17/05/2022 10:17:26
19147712223;p-svmobi-gamebar-c-01;17/05/2022 18:26:56;18025347;INACTIVE;17/05/2022 10:16:28;18/05/2022 23:59:59
19139356061;p-svmobi-gamebar-c-01;25/04/2022 08:18:58;10820795;INACTIVE;25/04/2022 08:17:37;25/04/2022 08:18:58
19139369962;p-svmobi-gamebar-c-01;06/05/2022 07:55:22;21400084;INACTIVE;25/04/2022 10:21:57;06/05/2022 07:55:22
19147723045;p-svmobi-gamebar-c-01;17/05/2022 18:26:56;38748945;INACTIVE;17/05/2022 11:36:34;18/05/2022 23:59:59
19147723080;p-svmobi-gamebar-c-01;17/05/2022 18:26:56;48994956;INACTIVE;17/05/2022 11:36:39;18/05/2022 23:59:59
19147735807;p-svmobi-gamebar-c-01;17/05/2022 18:26:57;4533885;INACTIVE;17/05/2022 12:37:31;18/05/2022 23:59:59
19147725910;p-svmobi-gamebar-c-01;17/05/2022 18:26:56;22919661;INACTIVE;17/05/2022 11:51:50;18/05/2022 23:59:59
19147734284;p-svmobi-gamebar-c-01;17/05/2022 18:26:57;8947955;INACTIVE;17/05/2022 12:26:47;18/05/2022 23:59:59
19147723127;p-svmobi-gamebar-c-01;17/05/2022 18:26:56;365386;INACTIVE;17/05/2022 11:36:54;18/05/2022 23:59:59
19147724705;p-svmobi-gamebar-c-01;17/05/2022 18:26:56;5931404;INACTIVE;17/05/2022 11:45:50;18/05/2022 23:59:59
19147608163;p-svmobi-gamebar-c-01;17/05/2022 18:26:53;25319507;INACTIVE;17/05/2022 09:42:08;18/05/2022 23:59:59
19147584043;p-svmobi-gamebar-c-01;17/05/2022 18:26:53;52344377;INACTIVE;17/05/2022 03:42:15;18/05/2022 23:59:59
19147584054;p-svmobi-gamebar-c-01;17/05/2022 18:26:53;7729141;INACTIVE;17/05/2022 03:42:46;18/05/2022 23:59:59
19147584107;p-svmobi-gamebar-c-01;17/05/2022 18:26:53;36697412;INACTIVE;17/05/2022 03:43:29;18/05/2022 23:59:59
19147720136;p-svmobi-gamebar-c-01;17/05/2022 18:26:56;14887756;INACTIVE;17/05/2022 11:20:12;18/05/2022 23:59:59
19147400566;p-svmobi-gamebar-c-01;17/05/2022 18:26:53;12166907;INACTIVE;16/05/2022 16:02:52;17/05/2022 23:59:59
19147584576;p-svmobi-gamebar-c-01;17/05/2022 18:26:53;7068415;INACTIVE;17/05/2022 03:57:50;18/05/2022 23:59:59
19147584135;p-svmobi-gamebar-c-01;17/05/2022 18:26:53;10715315;INACTIVE;17/05/2022 03:44:00;18/05/2022 23:59:59
19147584164;p-svmobi-gamebar-c-01;17/05/2022 18:26:53;17238910;INACTIVE;17/05/2022 03:45:25;18/05/2022 23:59:59
19147737213;p-svmobi-gamebar-c-01;17/05/2022 18:26:57;3959752;INACTIVE;17/05/2022 12:40:50;18/05/2022 23:59:59
19147380325;p-svmobi-gamebar-c-01;17/05/2022 18:26:52;40301620;INACTIVE;16/05/2022 12:26:49;17/05/2022 23:59:59
19147400520;p-svmobi-gamebar-c-01;17/05/2022 18:26:53;51831946;INACTIVE;16/05/2022 16:02:09;17/05/2022 23:59:59
19147400563;p-svmobi-gamebar-c-01;17/05/2022 18:26:53;3545113;INACTIVE;16/05/2022 16:02:50;17/05/2022 23:59:59
15561776954;p-svmobi-gamebar-c-01;16/03/2022 09:54:40;20572990;INACTIVE;01/05/2021 09:31:09;16/03/2022 09:54:40
19139354989;p-svmobi-gamebar-c-01;29/04/2022 18:34:39;32209796;INACTIVE;25/04/2022 08:07:53;29/04/2022 18:34:39
19139388522;p-svmobi-gamebar-c-01;25/04/2022 11:38:47;30643346;INACTIVE;25/04/2022 11:26:41;25/04/2022 11:38:47
15301805221;p-svmobi-worldforher-c-01;04/05/2022 01:36:08;24487722;INACTIVE;11/04/2021 12:09:53;02/04/2022 23:59:59
14690461621;p-svmobi-worldforher-c-01;25/03/2022 09:36:06;19715936;INACTIVE;10/02/2021 14:01:39;25/03/2022 09:36:06
14068602090;p-svmobi-worldforher-c-01;04/05/2022 01:55:09;11345419;INACTIVE;09/12/2020 20:20:22;02/04/2022 23:59:59
19133813554;p-svmobi-worldforher-c-01;10/04/2022 12:50:17;6114052;INACTIVE;09/04/2022 07:20:56;10/04/2022 12:50:17
14262186022;p-svmobi-worldforher-c-01;01/05/2022 01:58:23;41158565;INACTIVE;29/12/2020 00:22:59;30/03/2022 23:59:59
14599763039;p-svmobi-worldforher-c-01;04/05/2022 01:40:42;49444620;INACTIVE;01/02/2021 02:24:34;02/04/2022 23:59:59
19133705888;p-svmobi-worldforher-c-01;20/04/2022 13:56:51;15215324;INACTIVE;09/04/2022 08:41:14;20/04/2022 13:56:51
15429440693;p-svmobi-worldforher-c-01;24/03/2022 09:20:53;23740199;INACTIVE;21/04/2021 18:22:41;24/03/2022 09:20:53
14864145069;p-svmobi-worldforher-c-01;04/05/2022 01:33:23;11105708;INACTIVE;28/02/2021 22:31:52;02/04/2022 23:59:59
15307037251;p-svmobi-worldforher-c-01;12/04/2022 01:53:06;46450624;INACTIVE;12/04/2021 00:01:33;11/03/2022 23:59:59
14462154463;p-svmobi-worldforher-c-01;07/05/2022 01:41:08;23760364;INACTIVE;18/01/2021 01:01:58;05/04/2022 23:59:59
14743178141;p-svmobi-worldforher-c-01;07/04/2022 02:01:29;48186832;INACTIVE;16/02/2021 10:51:41;06/03/2022 23:59:59
15183599882;p-svmobi-worldforher-c-01;22/03/2022 12:37:40;37842305;INACTIVE;31/03/2021 19:42:20;22/03/2022 12:37:40
15159578936;p-svmobi-worldforher-c-01;10/05/2022 15:43:31;8508573;INACTIVE;29/03/2021 17:57:43;10/05/2022 15:43:31
15346656644;p-svmobi-worldforher-c-01;31/03/2022 08:15:44;20930490;INACTIVE;15/04/2021 19:25:35;30/03/2022 22:14:11
15295158394;p-svmobi-worldforher-c-01;21/05/2022 02:25:26;45769898;INACTIVE;10/04/2021 18:15:35;19/04/2022 23:59:59
19147660013;p-svmobi-worldforher-c-01;17/05/2022 18:26:55;2363070;INACTIVE;17/05/2022 13:01:14;18/05/2022 23:59:59
19147660052;p-svmobi-worldforher-c-01;17/05/2022 18:26:55;18243194;INACTIVE;17/05/2022 13:01:51;18/05/2022 23:59:59
19147661071;p-svmobi-worldforher-c-01;17/05/2022 18:26:55;20759048;INACTIVE;17/05/2022 13:15:41;18/05/2022 23:59:59
19147661101;p-svmobi-worldforher-c-01;17/05/2022 18:26:55;7476478;INACTIVE;17/05/2022 13:16:12;18/05/2022 23:59:59
19147661216;p-svmobi-worldforher-c-01;17/05/2022 18:26:55;13883090;INACTIVE;17/05/2022 13:17:31;18/05/2022 23:59:59
19147664663;p-svmobi-worldforher-c-01;17/05/2022 18:26:55;20384569;INACTIVE;17/05/2022 13:46:20;18/05/2022 23:59:59
12943559663;p-svmobi-worldforher-c-01;13/04/2022 01:55:09;6805760;INACTIVE;15/09/2020 23:04:09;12/03/2022 23:59:59
19147659811;p-svmobi-worldforher-c-01;17/05/2022 18:26:55;12722560;INACTIVE;17/05/2022 12:56:16;18/05/2022 23:59:59
19147654808;p-svmobi-worldforher-c-01;17/05/2022 18:26:54;24813858;INACTIVE;17/05/2022 12:03:38;18/05/2022 23:59:59
19147664704;p-svmobi-worldforher-c-01;17/05/2022 18:26:55;7288874;INACTIVE;17/05/2022 13:46:44;18/05/2022 23:59:59
19147655763;p-svmobi-worldforher-c-01;17/05/2022 18:26:54;14254758;INACTIVE;17/05/2022 12:12:47;18/05/2022 23:59:59
19147653165;p-svmobi-worldforher-c-01;17/05/2022 18:26:54;3179021;INACTIVE;17/05/2022 11:52:30;18/05/2022 23:59:59
19147664604;p-svmobi-worldforher-c-01;17/05/2022 18:26:55;44951407;INACTIVE;17/05/2022 13:45:50;18/05/2022 23:59:59
19147665486;p-svmobi-worldforher-c-01;17/05/2022 18:26:55;17535010;INACTIVE;17/05/2022 13:56:12;18/05/2022 23:59:59
19147659710;p-svmobi-worldforher-c-01;17/05/2022 18:26:55;31141675;INACTIVE;17/05/2022 12:54:08;18/05/2022 23:59:59
19147659954;p-svmobi-worldforher-c-01;17/05/2022 18:26:55;16492802;INACTIVE;17/05/2022 12:59:49;18/05/2022 23:59:59
19147660807;p-svmobi-worldforher-c-01;17/05/2022 18:26:55;52999;INACTIVE;17/05/2022 13:11:13;18/05/2022 23:59:59
19147661436;p-svmobi-worldforher-c-01;17/05/2022 18:26:55;46510481;INACTIVE;17/05/2022 13:21:43;18/05/2022 23:59:59
19147657940;p-svmobi-worldforher-c-01;17/05/2022 18:26:54;24350633;INACTIVE;17/05/2022 12:37:07;18/05/2022 23:59:59
19147657941;p-svmobi-worldforher-c-01;17/05/2022 18:26:54;684839;INACTIVE;17/05/2022 12:37:07;18/05/2022 23:59:59
19147655348;p-svmobi-worldforher-c-01;17/05/2022 18:26:54;12579774;INACTIVE;17/05/2022 12:07:25;18/05/2022 23:59:59
19147653970;p-svmobi-worldforher-c-01;17/05/2022 18:26:54;44049039;INACTIVE;17/05/2022 12:01:01;18/05/2022 23:59:59
14312143623;p-svmobi-worldforher-c-01;29/04/2022 19:47:49;42813729;INACTIVE;02/01/2021 19:37:26;29/04/2022 19:47:49
19147653495;p-svmobi-worldforher-c-01;17/05/2022 18:26:54;1210912;INACTIVE;17/05/2022 11:55:50;18/05/2022 23:59:59
19147660022;p-svmobi-worldforher-c-01;17/05/2022 18:26:55;9151730;INACTIVE;17/05/2022 13:01:30;18/05/2022 23:59:59
19147664622;p-svmobi-worldforher-c-01;17/05/2022 18:26:55;41372464;INACTIVE;17/05/2022 13:46:01;18/05/2022 23:59:59
19147664348;p-svmobi-worldforher-c-01;17/05/2022 18:26:55;20514080;INACTIVE;17/05/2022 13:42:23;18/05/2022 23:59:59
19147663720;p-svmobi-worldforher-c-01;17/05/2022 18:26:55;37261850;INACTIVE;17/05/2022 13:38:59;18/05/2022 23:59:59
14281875101;p-svmobi-worldforher-c-01;21/03/2022 05:21:56;15307379;INACTIVE;30/12/2020 19:36:31;21/03/2022 05:21:56
14308667768;p-svmobi-worldforher-c-01;04/05/2022 01:42:34;21198128;INACTIVE;02/01/2021 13:56:22;02/04/2022 23:59:59
14332596926;p-svmobi-worldforher-c-01;04/05/2022 01:38:03;48046732;INACTIVE;04/01/2021 21:08:03;02/04/2022 23:59:59
15315939172;p-svmobi-worldforher-c-01;08/05/2022 01:56:02;24911190;INACTIVE;12/04/2021 19:15:39;06/04/2022 23:59:59
14251615510;p-svmobi-worldforher-c-01;27/03/2022 12:38:17;43631845;INACTIVE;27/12/2020 22:43:38;27/03/2022 12:38:17
14636042559;p-svmobi-worldforher-c-01;25/04/2022 02:03:23;6705059;INACTIVE;04/02/2021 20:23:49;24/03/2022 23:59:59
12751656828;p-svmobi-worldforher-c-01;13/04/2022 01:53:37;14708023;INACTIVE;04/09/2020 13:23:16;12/03/2022 23:59:59
14136716043;p-svmobi-worldforher-c-01;14/05/2022 01:56:08;9119289;INACTIVE;16/12/2020 14:04:55;12/04/2022 23:59:59
15337471881;p-svmobi-worldforher-c-01;27/04/2022 02:06:25;48416916;INACTIVE;14/04/2021 20:30:38;26/03/2022 23:59:59
14328701146;p-svmobi-worldforher-c-01;20/04/2022 03:27:38;12563378;INACTIVE;04/01/2021 12:32:47;19/03/2022 23:59:59
14524703449;p-svmobi-worldforher-c-01;20/05/2022 01:54:14;14680764;INACTIVE;24/01/2021 10:16:26;18/04/2022 23:59:59
15750712041;p-svmobi-worldforher-c-01;29/03/2022 12:36:16;12854405;INACTIVE;09/05/2021 18:06:47;29/03/2022 12:36:16
14325488834;p-svmobi-worldforher-c-01;04/03/2022 14:32:22;38963921;INACTIVE;04/01/2021 08:32:09;04/03/2022 14:32:21
14047141071;p-svmobi-worldforher-c-01;06/05/2022 01:33:40;15069018;INACTIVE;07/12/2020 23:11:30;04/04/2022 23:59:59
12740938476;p-svmobi-worldforher-c-01;11/04/2022 01:39:42;34793041;INACTIVE;03/09/2020 23:10:21;10/03/2022 23:59:59
19147740500;p-svmobi-worldforher-c-01;17/05/2022 18:26:57;22189424;INACTIVE;17/05/2022 13:10:40;18/05/2022 23:59:59
19147744392;p-svmobi-worldforher-c-01;17/05/2022 18:26:58;22381796;INACTIVE;17/05/2022 13:51:20;18/05/2022 23:59:59
19147733438;p-svmobi-worldforher-c-01;17/05/2022 18:26:57;55498758;INACTIVE;17/05/2022 12:21:39;18/05/2022 23:59:59
19147724267;p-svmobi-worldforher-c-01;17/05/2022 18:26:56;1224368;INACTIVE;17/05/2022 11:42:52;18/05/2022 23:59:59
19147734136;p-svmobi-worldforher-c-01;17/05/2022 18:26:57;16241461;INACTIVE;17/05/2022 12:25:37;18/05/2022 23:59:59
19147737322;p-svmobi-worldforher-c-01;17/05/2022 13:16:55;732781;INACTIVE;17/05/2022 12:42:04;17/05/2022 13:16:55
19147724258;p-svmobi-worldforher-c-01;17/05/2022 12:25:02;32702048;INACTIVE;17/05/2022 11:42:49;17/05/2022 12:25:02
19147724849;p-svmobi-worldforher-c-01;17/05/2022 18:26:56;41629843;INACTIVE;17/05/2022 11:46:35;18/05/2022 23:59:59
19147740884;p-svmobi-worldforher-c-01;17/05/2022 18:26:58;7381985;INACTIVE;17/05/2022 13:16:07;18/05/2022 23:59:59
19147740903;p-svmobi-worldforher-c-01;17/05/2022 18:26:58;38182878;INACTIVE;17/05/2022 13:16:24;18/05/2022 23:59:59
19147746423;p-svmobi-worldforher-c-01;17/05/2022 18:26:58;57693944;INACTIVE;17/05/2022 14:16:01;18/05/2022 23:59:59
19147737477;p-svmobi-worldforher-c-01;17/05/2022 18:26:57;46503152;INACTIVE;17/05/2022 12:44:08;18/05/2022 23:59:59
19147729315;p-svmobi-worldforher-c-01;17/05/2022 18:26:56;5931404;INACTIVE;17/05/2022 12:07:02;18/05/2022 23:59:59
19147739848;p-svmobi-worldforher-c-01;17/05/2022 18:26:57;19934261;INACTIVE;17/05/2022 13:06:21;18/05/2022 23:59:59
19147742851;p-svmobi-worldforher-c-01;17/05/2022 18:26:58;34008277;INACTIVE;17/05/2022 13:36:35;18/05/2022 23:59:59
19147744782;p-svmobi-worldforher-c-01;17/05/2022 18:26:58;55249186;INACTIVE;17/05/2022 13:56:26;18/05/2022 23:59:59
19147745705;p-svmobi-worldforher-c-01;17/05/2022 18:26:58;40711307;INACTIVE;17/05/2022 14:06:57;18/05/2022 23:59:59
19147726398;p-svmobi-worldforher-c-01;17/05/2022 18:26:56;41062620;INACTIVE;17/05/2022 11:55:54;18/05/2022 23:59:59
19147730017;p-svmobi-worldforher-c-01;17/05/2022 12:13:56;5586652;INACTIVE;17/05/2022 12:10:41;17/05/2022 12:13:56
19147734189;p-svmobi-worldforher-c-01;17/05/2022 18:26:57;4573605;INACTIVE;17/05/2022 12:26:05;18/05/2022 23:59:59
19147743905;p-svmobi-worldforher-c-01;17/05/2022 14:24:48;3254277;INACTIVE;17/05/2022 13:46:09;17/05/2022 14:24:48
19147742188;p-svmobi-worldforher-c-01;17/05/2022 18:26:58;57781036;INACTIVE;17/05/2022 13:30:35;18/05/2022 23:59:59
19147744218;p-svmobi-worldforher-c-01;17/05/2022 18:26:58;18332261;INACTIVE;17/05/2022 13:49:21;18/05/2022 23:59:59
19147737647;p-svmobi-worldforher-c-01;17/05/2022 18:26:57;5679751;INACTIVE;17/05/2022 12:46:10;18/05/2022 23:59:59
19147734238;p-svmobi-worldforher-c-01;17/05/2022 18:26:57;33107852;INACTIVE;17/05/2022 12:26:28;18/05/2022 23:59:59
19147746052;p-svmobi-worldforher-c-01;17/05/2022 18:26:58;54140235;INACTIVE;17/05/2022 14:12:46;18/05/2022 23:59:59
19147725935;p-svmobi-worldforher-c-01;17/05/2022 18:26:56;46902007;INACTIVE;17/05/2022 11:52:02;18/05/2022 23:59:59
15248300925;p-svmobi-worldforher-c-01;10/04/2022 11:07:50;4589480;INACTIVE;06/04/2021 08:13:25;10/04/2022 11:07:50
19147724722;p-svmobi-worldforher-c-01;17/05/2022 18:26:56;57541623;INACTIVE;17/05/2022 11:45:56;18/05/2022 23:59:59
19147742365;p-svmobi-worldforher-c-01;17/05/2022 18:26:58;31482765;INACTIVE;17/05/2022 13:31:45;18/05/2022 23:59:59
19147742415;p-svmobi-worldforher-c-01;17/05/2022 18:26:58;57746174;INACTIVE;17/05/2022 13:32:06;18/05/2022 23:59:59
19147734835;p-svmobi-worldforher-c-01;17/05/2022 12:32:44;7792602;INACTIVE;17/05/2022 12:30:43;17/05/2022 12:32:44
19147729065;p-svmobi-worldforher-c-01;17/05/2022 18:26:56;48435374;INACTIVE;17/05/2022 12:06:07;18/05/2022 23:59:59
19147741637;p-svmobi-worldforher-c-01;17/05/2022 18:26:58;6696049;INACTIVE;17/05/2022 13:27:38;18/05/2022 23:59:59
19147738083;p-svmobi-worldforher-c-01;17/05/2022 18:26:57;10259035;INACTIVE;17/05/2022 12:49:54;18/05/2022 23:59:59
19147724383;p-svmobi-worldforher-c-01;17/05/2022 18:26:56;31748244;INACTIVE;17/05/2022 11:43:40;18/05/2022 23:59:59
19133510892;p-svmobi-worldforher-c-01;22/05/2022 04:52:54;28680049;INACTIVE;08/04/2022 11:24:37;20/04/2022 23:59:59
19133816438;p-svmobi-worldforher-c-01;12/05/2022 04:20:52;16192581;INACTIVE;09/04/2022 07:31:54;10/04/2022 23:59:59
12301302908;p-svmobi-worldforher-c-01;17/05/2022 17:29:31;9342366;INACTIVE;09/08/2020 21:39:35;17/05/2022 17:29:31
19133400705;p-svmobi-worldforher-c-01;13/05/2022 03:28:21;37566944;INACTIVE;08/04/2022 09:55:43;11/04/2022 23:59:59
14734799353;p-svmobi-worldforher-c-01;17/04/2022 01:45:13;14844988;INACTIVE;15/02/2021 14:03:05;16/03/2022 23:59:59
12407062111;p-svmobi-worldforher-c-01;14/04/2022 01:35:44;42822351;INACTIVE;15/08/2020 16:41:59;13/03/2022 23:59:59
19147653101;p-svmobi-worldforher-c-01;17/05/2022 18:26:54;24964059;INACTIVE;17/05/2022 11:51:49;18/05/2022 23:59:59
19147652085;p-svmobi-worldforher-c-01;17/05/2022 18:26:54;40537376;INACTIVE;17/05/2022 11:44:28;18/05/2022 23:59:59
19147653992;p-svmobi-worldforher-c-01;17/05/2022 18:26:54;34452013;INACTIVE;17/05/2022 12:01:18;18/05/2022 23:59:59
19147652958;p-svmobi-worldforher-c-01;17/05/2022 11:59:33;33790716;INACTIVE;17/05/2022 11:50:54;17/05/2022 11:59:33
19147655759;p-svmobi-worldforher-c-01;17/05/2022 18:26:54;14605589;INACTIVE;17/05/2022 12:12:43;18/05/2022 23:59:59
19147666309;p-svmobi-worldforher-c-01;17/05/2022 18:26:55;23650761;INACTIVE;17/05/2022 14:06:00;18/05/2022 23:59:59
19147658790;p-svmobi-worldforher-c-01;17/05/2022 18:26:54;23217867;INACTIVE;17/05/2022 12:41:38;18/05/2022 23:59:59
19147660357;p-svmobi-worldforher-c-01;17/05/2022 18:26:55;13776529;INACTIVE;17/05/2022 13:06:33;18/05/2022 23:59:59
19147653984;p-svmobi-worldforher-c-01;17/05/2022 18:26:54;16177882;INACTIVE;17/05/2022 12:01:10;18/05/2022 23:59:59
19147665450;p-svmobi-worldforher-c-01;17/05/2022 18:26:55;842521;INACTIVE;17/05/2022 13:55:38;18/05/2022 23:59:59
19147665507;p-svmobi-worldforher-c-01;17/05/2022 14:01:26;31176;INACTIVE;17/05/2022 13:56:29;17/05/2022 14:01:26
19147665554;p-svmobi-worldforher-c-01;17/05/2022 18:26:55;22913755;INACTIVE;17/05/2022 13:57:01;18/05/2022 23:59:59
19147653011;p-svmobi-worldforher-c-01;17/05/2022 18:26:54;25048799;INACTIVE;17/05/2022 11:51:23;18/05/2022 23:59:59
19147656208;p-svmobi-worldforher-c-01;17/05/2022 18:26:54;31188279;INACTIVE;17/05/2022 12:17:15;18/05/2022 23:59:59
19147656232;p-svmobi-worldforher-c-01;17/05/2022 18:26:54;17630348;INACTIVE;17/05/2022 12:17:32;18/05/2022 23:59:59
19147654587;p-svmobi-worldforher-c-01;17/05/2022 18:26:54;25151597;INACTIVE;17/05/2022 12:02:40;18/05/2022 23:59:59
19147655187;p-svmobi-worldforher-c-01;17/05/2022 18:26:54;28107002;INACTIVE;17/05/2022 12:05:53;18/05/2022 23:59:59
19147661128;p-svmobi-worldforher-c-01;17/05/2022 18:26:55;47117108;INACTIVE;17/05/2022 13:16:56;18/05/2022 23:59:59
19147661214;p-svmobi-worldforher-c-01;17/05/2022 18:26:55;35497417;INACTIVE;17/05/2022 13:17:27;18/05/2022 23:59:59
19147651982;p-svmobi-worldforher-c-01;17/05/2022 18:26:54;25029912;INACTIVE;17/05/2022 11:43:04;18/05/2022 23:59:59
19147658827;p-svmobi-worldforher-c-01;17/05/2022 18:26:54;4989148;INACTIVE;17/05/2022 12:42:02;18/05/2022 23:59:59
19147660275;p-svmobi-worldforher-c-01;17/05/2022 18:26:55;38413735;INACTIVE;17/05/2022 13:06:08;18/05/2022 23:59:59
19147660674;p-svmobi-worldforher-c-01;17/05/2022 18:26:55;34311749;INACTIVE;17/05/2022 13:08:19;18/05/2022 23:59:59
19147665196;p-svmobi-worldforher-c-01;17/05/2022 18:26:55;19532628;INACTIVE;17/05/2022 13:52:41;18/05/2022 23:59:59
15666863031;p-svmobi-worldforher-c-01;19/04/2022 07:16:08;6756430;INACTIVE;05/05/2021 11:01:52;18/03/2022 23:59:59
15588399879;p-svmobi-worldforher-c-01;09/05/2022 02:00:37;5930753;INACTIVE;03/05/2021 08:32:38;07/04/2022 23:59:59
19147653943;p-svmobi-worldforher-c-01;17/05/2022 18:26:54;12936874;INACTIVE;17/05/2022 12:00:39;18/05/2022 23:59:59
15586650021;p-svmobi-worldforher-c-01;11/05/2022 01:58:56;6440779;INACTIVE;03/05/2021 05:27:43;09/04/2022 23:59:59
14664935501;p-svmobi-worldforher-c-01;13/04/2022 02:08:16;25636786;INACTIVE;07/02/2021 22:05:37;12/03/2022 23:59:59
15317059377;p-svmobi-worldforher-c-01;07/03/2022 19:10:55;32141469;INACTIVE;12/04/2021 21:35:39;07/03/2022 19:10:55
19144802432;p-svmobi-worldforher-c-01;17/05/2022 11:32:46;24235380;INACTIVE;09/05/2022 11:37:50;17/05/2022 11:32:46
14728729867;p-svmobi-worldforher-c-01;07/04/2022 01:56:29;45454930;INACTIVE;14/02/2021 20:24:32;06/03/2022 23:59:59
14805508782;p-svmobi-worldforher-c-01;04/05/2022 01:40:57;27945338;INACTIVE;22/02/2021 18:23:43;02/04/2022 23:59:59
15759324981;p-svmobi-worldforher-c-01;05/05/2022 01:58:34;714650;INACTIVE;10/05/2021 11:31:57;03/04/2022 23:59:59
15405439769;p-svmobi-worldforher-c-01;25/03/2022 21:56:23;32873097;INACTIVE;19/04/2021 23:21:50;25/03/2022 21:56:23
15569628749;p-svmobi-worldforher-c-01;04/05/2022 01:53:36;41918768;INACTIVE;01/05/2021 19:34:02;02/04/2022 23:59:59
15543447965;p-svmobi-worldforher-c-01;05/04/2022 01:59:00;9295512;INACTIVE;29/04/2021 21:08:31;04/03/2022 23:59:59
14379246191;p-svmobi-worldforher-c-01;02/05/2022 01:33:50;41158582;INACTIVE;09/01/2021 15:35:17;31/03/2022 23:59:59
15753903343;p-svmobi-worldforher-c-01;09/05/2022 01:58:38;19276865;INACTIVE;10/05/2021 00:27:49;07/04/2022 23:59:59
15751069382;p-svmobi-worldforher-c-01;12/05/2022 02:20:11;1615414;INACTIVE;09/05/2021 18:25:58;10/04/2022 23:59:59
14907247620;p-svmobi-worldforher-c-01;04/05/2022 01:43:13;7198661;INACTIVE;05/03/2021 14:25:10;02/04/2022 23:59:59
14497003820;p-svmobi-worldforher-c-01;09/05/2022 02:05:51;19375317;INACTIVE;21/01/2021 14:21:11;07/04/2022 23:59:59
19139407903;p-svmobi-worldforher-c-01;06/05/2022 16:58:25;54657474;INACTIVE;25/04/2022 14:00:56;06/05/2022 16:58:25
12307370203;p-svmobi-worldforher-c-01;09/05/2022 09:02:13;40804688;INACTIVE;10/08/2020 08:13:19;09/05/2022 09:02:13
19147739783;p-svmobi-worldforher-c-01;17/05/2022 18:26:57;40776749;INACTIVE;17/05/2022 13:05:24;18/05/2022 23:59:59
19147740144;p-svmobi-worldforher-c-01;17/05/2022 18:26:57;492307;INACTIVE;17/05/2022 13:06:51;18/05/2022 23:59:59
19147734231;p-svmobi-worldforher-c-01;17/05/2022 18:26:57;42773822;INACTIVE;17/05/2022 12:26:25;18/05/2022 23:59:59
19147743576;p-svmobi-worldforher-c-01;17/05/2022 18:26:58;41130699;INACTIVE;17/05/2022 13:42:09;18/05/2022 23:59:59
19147739702;p-svmobi-worldforher-c-01;17/05/2022 18:26:57;37986268;INACTIVE;17/05/2022 13:04:12;18/05/2022 23:59:59
19147733634;p-svmobi-worldforher-c-01;17/05/2022 18:26:57;42202878;INACTIVE;17/05/2022 12:22:57;18/05/2022 23:59:59
19139389495;p-svmobi-worldforher-c-01;25/04/2022 11:45:43;10309764;INACTIVE;25/04/2022 11:32:32;25/04/2022 11:45:43
19139374849;p-svmobi-worldforher-c-01;25/04/2022 10:39:57;30051798;INACTIVE;25/04/2022 10:38:42;25/04/2022 10:39:57
19147726550;p-svmobi-worldforher-c-01;17/05/2022 18:26:56;57979689;INACTIVE;17/05/2022 11:56:49;18/05/2022 23:59:59
19147735565;p-svmobi-worldforher-c-01;17/05/2022 18:26:57;46576660;INACTIVE;17/05/2022 12:35:48;18/05/2022 23:59:59
19147731166;p-svmobi-worldforher-c-01;17/05/2022 18:26:56;44994448;INACTIVE;17/05/2022 12:16:22;18/05/2022 23:59:59
19147740525;p-svmobi-worldforher-c-01;17/05/2022 18:26:58;55142904;INACTIVE;17/05/2022 13:11:02;18/05/2022 23:59:59
19147734138;p-svmobi-worldforher-c-01;17/05/2022 18:26:57;1697129;INACTIVE;17/05/2022 12:25:38;18/05/2022 23:59:59
19147726995;p-svmobi-worldforher-c-01;17/05/2022 18:26:56;35921461;INACTIVE;17/05/2022 12:00:32;18/05/2022 23:59:59
19147727016;p-svmobi-worldforher-c-01;17/05/2022 14:04:54;15856925;INACTIVE;17/05/2022 12:00:42;17/05/2022 14:04:54
19147727082;p-svmobi-worldforher-c-01;17/05/2022 18:26:56;18760353;INACTIVE;17/05/2022 12:01:11;18/05/2022 23:59:59
19147745036;p-svmobi-worldforher-c-01;17/05/2022 18:26:58;53118948;INACTIVE;17/05/2022 14:00:54;18/05/2022 23:59:59
19147745065;p-svmobi-worldforher-c-01;17/05/2022 18:26:58;27057310;INACTIVE;17/05/2022 14:01:09;18/05/2022 23:59:59
19147734298;p-svmobi-worldforher-c-01;17/05/2022 18:26:57;17768045;INACTIVE;17/05/2022 12:26:57;18/05/2022 23:59:59
19147737739;p-svmobi-worldforher-c-01;17/05/2022 18:26:57;6471002;INACTIVE;17/05/2022 12:47:09;18/05/2022 23:59:59
19147734150;p-svmobi-worldforher-c-01;17/05/2022 12:30:28;35121231;INACTIVE;17/05/2022 12:25:47;17/05/2022 12:30:28
19147739478;p-svmobi-worldforher-c-01;17/05/2022 18:26:57;30766466;INACTIVE;17/05/2022 13:01:20;18/05/2022 23:59:59
19147734220;p-svmobi-worldforher-c-01;17/05/2022 18:26:57;57794118;INACTIVE;17/05/2022 12:26:22;18/05/2022 23:59:59
19147725801;p-svmobi-worldforher-c-01;17/05/2022 18:26:56;8157973;INACTIVE;17/05/2022 11:51:12;18/05/2022 23:59:59
19147740850;p-svmobi-worldforher-c-01;17/05/2022 18:26:58;21341188;INACTIVE;17/05/2022 13:15:47;18/05/2022 23:59:59
19147737760;p-svmobi-worldforher-c-01;17/05/2022 18:26:57;28614629;INACTIVE;17/05/2022 12:47:25;18/05/2022 23:59:59
19147735671;p-svmobi-worldforher-c-01;17/05/2022 18:26:57;18071120;INACTIVE;17/05/2022 12:36:34;18/05/2022 23:59:59
19147746487;p-svmobi-worldforher-c-01;17/05/2022 18:26:58;37599000;INACTIVE;17/05/2022 14:16:17;18/05/2022 23:59:59
19147730067;p-svmobi-worldforher-c-01;17/05/2022 18:26:56;43522981;INACTIVE;17/05/2022 12:11:01;18/05/2022 23:59:59
19147730180;p-svmobi-worldforher-c-01;17/05/2022 18:26:56;14405183;INACTIVE;17/05/2022 12:11:35;18/05/2022 23:59:59
19147744742;p-svmobi-worldforher-c-01;17/05/2022 18:26:58;16242581;INACTIVE;17/05/2022 13:55:37;18/05/2022 23:59:59
19147741176;p-svmobi-worldforher-c-01;17/05/2022 18:26:58;5857281;INACTIVE;17/05/2022 13:21:01;18/05/2022 23:59:59
19147741312;p-svmobi-worldforher-c-01;17/05/2022 18:26:58;44741722;INACTIVE;17/05/2022 13:23:24;18/05/2022 23:59:59
19147746567;p-svmobi-worldforher-c-01;17/05/2022 18:26:58;20621241;INACTIVE;17/05/2022 14:16:23;18/05/2022 23:59:59
19147746426;p-svmobi-worldforher-c-01;17/05/2022 18:26:58;7343784;INACTIVE;17/05/2022 14:16:02;18/05/2022 23:59:59
19147737671;p-svmobi-worldforher-c-01;17/05/2022 18:26:57;44641181;INACTIVE;17/05/2022 12:46:24;18/05/2022 23:59:59
19147727033;p-svmobi-worldforher-c-01;17/05/2022 18:26:56;42890930;INACTIVE;17/05/2022 12:00:51;18/05/2022 23:59:59
19147738671;p-svmobi-worldforher-c-01;17/05/2022 18:26:57;29411504;INACTIVE;17/05/2022 12:51:27;18/05/2022 23:59:59
19147738742;p-svmobi-worldforher-c-01;17/05/2022 18:26:57;23354547;INACTIVE;17/05/2022 12:52:11;18/05/2022 23:59:59
19147724814;p-svmobi-worldforher-c-01;17/05/2022 18:26:56;21596657;INACTIVE;17/05/2022 11:46:20;18/05/2022 23:59:59
19147740517;p-svmobi-worldforher-c-01;17/05/2022 18:26:58;25330730;INACTIVE;17/05/2022 13:10:55;18/05/2022 23:59:59
19147740851;p-svmobi-worldforher-c-01;17/05/2022 18:26:58;29897678;INACTIVE;17/05/2022 13:15:47;18/05/2022 23:59:59
19147743956;p-svmobi-worldforher-c-01;17/05/2022 18:26:58;24010107;INACTIVE;17/05/2022 13:46:32;18/05/2022 23:59:59
19147726374;p-svmobi-worldforher-c-01;17/05/2022 18:26:56;270868;INACTIVE;17/05/2022 11:55:40;18/05/2022 23:59:59
19147744842;p-svmobi-worldforher-c-01;17/05/2022 15:02:29;14649027;INACTIVE;17/05/2022 13:57:14;17/05/2022 15:02:29
19147744877;p-svmobi-worldforher-c-01;17/05/2022 18:26:58;3900034;INACTIVE;17/05/2022 13:57:53;18/05/2022 23:59:59
19147744905;p-svmobi-worldforher-c-01;17/05/2022 18:26:58;6631476;INACTIVE;17/05/2022 13:58:35;18/05/2022 23:59:59
19147745998;p-svmobi-worldforher-c-01;17/05/2022 18:26:58;23502884;INACTIVE;17/05/2022 14:11:43;18/05/2022 23:59:59
19147746019;p-svmobi-worldforher-c-01;17/05/2022 14:13:14;29277968;INACTIVE;17/05/2022 14:12:05;17/05/2022 14:13:14
19147730814;p-svmobi-worldforher-c-01;17/05/2022 18:26:56;2879814;INACTIVE;17/05/2022 12:15:26;18/05/2022 23:59:59
14853699725;p-svmobi-worldforher-c-01;12/05/2022 18:42:46;2719745;INACTIVE;27/02/2021 18:56:12;12/05/2022 18:42:46
15171798507;p-svmobi-worldforher-c-01;06/04/2022 19:50:45;29721833;INACTIVE;30/03/2021 19:17:16;06/04/2022 19:50:45
15201374709;p-svmobi-worldforher-c-01;02/05/2022 01:38:24;48899773;INACTIVE;02/04/2021 11:05:10;31/03/2022 23:59:59
13789188612;p-svmobi-worldforher-c-01;06/05/2022 02:03:45;29061582;INACTIVE;14/11/2020 18:02:41;04/04/2022 23:59:59
14420920190;p-svmobi-worldforher-c-01;10/04/2022 02:28:42;9026029;INACTIVE;13/01/2021 18:25:42;09/03/2022 23:59:59
15276395369;p-svmobi-worldforher-c-01;07/05/2022 01:52:31;5680148;INACTIVE;08/04/2021 19:01:11;05/04/2022 23:59:59
15752399516;p-svmobi-worldforher-c-01;01/04/2022 12:17:06;37471724;INACTIVE;09/05/2021 19:35:34;01/04/2022 12:17:06
12223752562;p-svmobi-worldforher-c-01;16/05/2022 20:51:36;37088474;INACTIVE;05/08/2020 07:49:23;16/05/2022 20:51:36
15379962187;p-svmobi-worldforher-c-01;22/04/2022 02:02:50;31554726;INACTIVE;19/04/2021 01:04:39;21/03/2022 23:59:59
19147653692;p-svmobi-worldforher-c-01;17/05/2022 18:26:54;2296747;INACTIVE;17/05/2022 11:57:34;18/05/2022 23:59:59
19147653714;p-svmobi-worldforher-c-01;17/05/2022 18:26:54;3712060;INACTIVE;17/05/2022 11:57:52;18/05/2022 23:59:59
14334910654;p-svmobi-worldforher-c-01;22/04/2022 15:58:25;44216683;INACTIVE;05/01/2021 07:24:30;21/03/2022 23:59:59
15289165367;p-svmobi-worldforher-c-01;06/05/2022 01:50:49;3956536;INACTIVE;10/04/2021 03:28:23;04/04/2022 23:59:59
12756726970;p-svmobi-worldforher-c-01;11/04/2022 01:38:14;33407677;INACTIVE;04/09/2020 18:38:31;10/03/2022 23:59:59
14728778665;p-svmobi-worldforher-c-01;25/04/2022 02:02:59;22025622;INACTIVE;14/02/2021 22:25:14;24/03/2022 23:59:59
14682031647;p-svmobi-worldforher-c-01;04/05/2022 01:32:04;36436541;INACTIVE;09/02/2021 16:41:00;02/04/2022 23:59:59
14358769589;p-svmobi-worldforher-c-01;06/05/2022 01:37:48;42076479;INACTIVE;07/01/2021 14:14:53;04/04/2022 23:59:59
14384807905;p-svmobi-worldforher-c-01;15/05/2022 01:54:09;28204772;INACTIVE;10/01/2021 07:37:18;13/04/2022 23:59:59
14028074561;p-svmobi-worldforher-c-01;07/05/2022 01:39:01;2019695;INACTIVE;06/12/2020 07:06:33;05/04/2022 23:59:59
13148131659;p-svmobi-worldforher-c-01;06/04/2022 02:54:39;31875300;INACTIVE;28/09/2020 13:10:45;05/03/2022 23:59:59
15337680178;p-svmobi-worldforher-c-01;12/04/2022 02:02:52;33303541;INACTIVE;14/04/2021 23:58:34;11/03/2022 23:59:59
14381860440;p-svmobi-worldforher-c-01;18/04/2022 04:14:55;18133180;INACTIVE;09/01/2021 19:15:31;17/03/2022 23:59:59
15405174381;p-svmobi-worldforher-c-01;16/04/2022 03:04:07;597676;INACTIVE;19/04/2021 20:58:09;15/03/2022 23:59:59
13542293080;p-svmobi-worldforher-c-01;20/05/2022 01:57:47;26549369;INACTIVE;25/10/2020 20:34:30;18/04/2022 23:59:59
14864064427;p-svmobi-worldforher-c-01;21/04/2022 01:53:45;53434572;INACTIVE;28/02/2021 20:21:37;20/03/2022 23:59:59
12969757178;p-svmobi-worldforher-c-01;10/04/2022 02:53:44;8745159;INACTIVE;17/09/2020 13:07:08;09/03/2022 23:59:59
15753280853;p-svmobi-worldforher-c-01;02/05/2022 01:48:22;44961954;INACTIVE;09/05/2021 20:52:44;31/03/2022 23:59:59
11050812376;p-svmobi-worldforher-c-01;19/04/2022 08:24:26;44734085;INACTIVE;26/05/2020 15:26:20;19/04/2022 08:24:26
14603694165;p-svmobi-worldforher-c-01;09/04/2022 01:55:58;41012786;INACTIVE;01/02/2021 12:40:56;08/03/2022 23:59:59
13723704169;p-svmobi-worldforher-c-01;07/05/2022 01:42:50;54566422;INACTIVE;09/11/2020 06:20:33;05/04/2022 23:59:59
14047103199;p-svmobi-worldforher-c-01;28/04/2022 22:10:57;27275625;INACTIVE;07/12/2020 22:34:10;28/04/2022 22:10:57
19139511217;p-svmobi-worldforher-c-01;26/04/2022 07:45:23;55150850;INACTIVE;25/04/2022 14:27:29;26/04/2022 07:45:23
12959968194;p-svmobi-worldforher-c-01;15/04/2022 04:19:16;10198057;INACTIVE;16/09/2020 20:54:49;14/03/2022 23:59:59
14655280181;p-svmobi-worldforher-c-01;06/05/2022 01:43:31;48837912;INACTIVE;06/02/2021 21:14:18;04/04/2022 23:59:59
14045631903;p-svmobi-worldforher-c-01;06/04/2022 01:41:26;43877986;INACTIVE;07/12/2020 18:05:09;05/03/2022 23:59:59
19147731242;p-svmobi-worldforher-c-01;17/05/2022 18:26:56;46724689;INACTIVE;17/05/2022 12:16:54;18/05/2022 23:59:59
19147745655;p-svmobi-worldforher-c-01;17/05/2022 18:26:58;12612298;INACTIVE;17/05/2022 14:06:17;18/05/2022 23:59:59
19147739520;p-svmobi-worldforher-c-01;17/05/2022 18:26:57;7683642;INACTIVE;17/05/2022 13:01:51;18/05/2022 23:59:59
19147744855;p-svmobi-worldforher-c-01;17/05/2022 18:26:58;9015708;INACTIVE;17/05/2022 13:57:24;18/05/2022 23:59:59
19147741022;p-svmobi-worldforher-c-01;17/05/2022 18:26:58;701788;INACTIVE;17/05/2022 13:18:02;18/05/2022 23:59:59
19147730109;p-svmobi-worldforher-c-01;17/05/2022 18:26:56;40025040;INACTIVE;17/05/2022 12:11:17;18/05/2022 23:59:59
19147738666;p-svmobi-worldforher-c-01;17/05/2022 18:26:57;31954913;INACTIVE;17/05/2022 12:51:22;18/05/2022 23:59:59
19147742263;p-svmobi-worldforher-c-01;17/05/2022 18:26:58;10665039;INACTIVE;17/05/2022 13:31:07;18/05/2022 23:59:59
19147730261;p-svmobi-worldforher-c-01;17/05/2022 18:26:56;38801766;INACTIVE;17/05/2022 12:12:01;18/05/2022 23:59:59
19147738627;p-svmobi-worldforher-c-01;17/05/2022 18:26:57;11044033;INACTIVE;17/05/2022 12:50:50;18/05/2022 23:59:59
19147744851;p-svmobi-worldforher-c-01;17/05/2022 18:26:58;44308781;INACTIVE;17/05/2022 13:57:20;18/05/2022 23:59:59
19147739574;p-svmobi-worldforher-c-01;17/05/2022 18:26:57;58030736;INACTIVE;17/05/2022 13:02:33;18/05/2022 23:59:59
19147735665;p-svmobi-worldforher-c-01;17/05/2022 18:26:57;22079290;INACTIVE;17/05/2022 12:36:28;18/05/2022 23:59:59
19147745650;p-svmobi-worldforher-c-01;17/05/2022 18:26:58;58017984;INACTIVE;17/05/2022 14:06:11;18/05/2022 23:59:59
19147730441;p-svmobi-worldforher-c-01;17/05/2022 18:26:56;18431493;INACTIVE;17/05/2022 12:13:06;18/05/2022 23:59:59
19147739834;p-svmobi-worldforher-c-01;17/05/2022 18:26:57;55944841;INACTIVE;17/05/2022 13:06:02;18/05/2022 23:59:59
19147731154;p-svmobi-worldforher-c-01;17/05/2022 18:26:56;33512040;INACTIVE;17/05/2022 12:16:13;18/05/2022 23:59:59
19147735094;p-svmobi-worldforher-c-01;17/05/2022 18:26:57;365386;INACTIVE;17/05/2022 12:32:38;18/05/2022 23:59:59
19147746392;p-svmobi-worldforher-c-01;17/05/2022 18:26:58;34362271;INACTIVE;17/05/2022 14:15:48;18/05/2022 23:59:59
19147724827;p-svmobi-worldforher-c-01;17/05/2022 18:26:56;12669613;INACTIVE;17/05/2022 11:46:27;18/05/2022 23:59:59
19147727209;p-svmobi-worldforher-c-01;17/05/2022 18:26:56;33637762;INACTIVE;17/05/2022 12:01:28;18/05/2022 23:59:59
19147724293;p-svmobi-worldforher-c-01;17/05/2022 15:06:26;10079549;INACTIVE;17/05/2022 11:43:04;17/05/2022 15:06:26
19139400244;p-svmobi-worldforher-c-01;25/04/2022 16:19:08;13417113;INACTIVE;25/04/2022 12:59:46;25/04/2022 16:19:08
19147739823;p-svmobi-worldforher-c-01;17/05/2022 18:26:57;10477309;INACTIVE;17/05/2022 13:05:53;18/05/2022 23:59:59
19147740168;p-svmobi-worldforher-c-01;17/05/2022 18:26:57;13547552;INACTIVE;17/05/2022 13:06:57;18/05/2022 23:59:59
19147744762;p-svmobi-worldforher-c-01;17/05/2022 14:10:09;55466603;INACTIVE;17/05/2022 13:56:01;17/05/2022 14:10:09
19147744787;p-svmobi-worldforher-c-01;17/05/2022 18:26:58;23317574;INACTIVE;17/05/2022 13:56:32;18/05/2022 23:59:59
19147742241;p-svmobi-worldforher-c-01;17/05/2022 18:26:58;39337466;INACTIVE;17/05/2022 13:30:57;18/05/2022 23:59:59
19147726125;p-svmobi-worldforher-c-01;17/05/2022 18:26:56;57955358;INACTIVE;17/05/2022 11:53:39;18/05/2022 23:59:59
19147741628;p-svmobi-worldforher-c-01;17/05/2022 18:26:58;6250225;INACTIVE;17/05/2022 13:27:33;18/05/2022 23:59:59
19147741169;p-svmobi-worldforher-c-01;17/05/2022 18:26:58;38103808;INACTIVE;17/05/2022 13:20:54;18/05/2022 23:59:59
19147737692;p-svmobi-worldforher-c-01;17/05/2022 18:26:57;10840793;INACTIVE;17/05/2022 12:46:34;18/05/2022 23:59:59
19147735011;p-svmobi-worldforher-c-01;17/05/2022 18:26:57;12852399;INACTIVE;17/05/2022 12:31:57;18/05/2022 23:59:59
19147738743;p-svmobi-worldforher-c-01;17/05/2022 18:26:57;25476733;INACTIVE;17/05/2022 12:52:11;18/05/2022 23:59:59
19147739833;p-svmobi-worldforher-c-01;17/05/2022 18:26:57;21081132;INACTIVE;17/05/2022 13:06:02;18/05/2022 23:59:59
19147735675;p-svmobi-worldforher-c-01;17/05/2022 18:26:57;13324635;INACTIVE;17/05/2022 12:36:37;18/05/2022 23:59:59
19147735715;p-svmobi-worldforher-c-01;17/05/2022 18:26:57;5154752;INACTIVE;17/05/2022 12:37:01;18/05/2022 23:59:59
19147735739;p-svmobi-worldforher-c-01;17/05/2022 18:26:57;55531470;INACTIVE;17/05/2022 12:37:12;18/05/2022 23:59:59
15738699537;p-svmobi-worldforher-c-01;02/05/2022 01:43:24;29211150;INACTIVE;08/05/2021 20:37:16;31/03/2022 23:59:59
19147741478;p-svmobi-worldforher-c-01;17/05/2022 18:26:58;34109655;INACTIVE;17/05/2022 13:26:22;18/05/2022 23:59:59
15562894821;p-svmobi-worldforher-c-01;20/05/2022 02:04:56;13835368;INACTIVE;01/05/2021 11:11:37;18/04/2022 23:59:59
15277459563;p-svmobi-worldforher-c-01;10/04/2022 02:01:57;35715261;INACTIVE;08/04/2021 20:40:59;09/03/2022 23:59:59
14268093626;p-svmobi-worldforher-c-01;12/04/2022 02:01:23;11934868;INACTIVE;29/12/2020 13:27:46;11/03/2022 23:59:59
19139111591;p-svmobi-gamebar-c-01;04/05/2022 20:48:33;19676573;INACTIVE;24/04/2022 11:45:11;25/04/2022 23:59:59
19138958977;p-svmobi-gamebar-c-01;04/05/2022 20:48:33;23776699;INACTIVE;24/04/2022 05:23:01;25/04/2022 23:59:59
19139105647;p-svmobi-gamebar-c-01;24/04/2022 11:41:52;37978699;INACTIVE;24/04/2022 10:43:50;24/04/2022 11:41:52
19139106153;p-svmobi-gamebar-c-01;04/05/2022 20:48:33;45289222;INACTIVE;24/04/2022 10:52:22;28/04/2022 23:59:59
19139071947;p-svmobi-gamebar-c-01;04/05/2022 20:48:33;22183917;INACTIVE;24/04/2022 04:29:06;26/04/2022 23:59:59
19139071949;p-svmobi-gamebar-c-01;04/05/2022 20:48:33;8079560;INACTIVE;24/04/2022 04:29:12;05/05/2022 23:59:59
19139071958;p-svmobi-gamebar-c-01;24/04/2022 04:30:52;748222;INACTIVE;24/04/2022 04:29:51;24/04/2022 04:30:52
19139071968;p-svmobi-gamebar-c-01;04/05/2022 20:48:33;1935479;INACTIVE;24/04/2022 04:31:17;04/05/2022 23:59:59
19139072227;p-svmobi-gamebar-c-01;04/05/2022 20:48:33;47563080;INACTIVE;24/04/2022 05:22:10;25/04/2022 23:59:59
19139135468;p-svmobi-gamebar-c-01;04/05/2022 20:48:33;46097367;INACTIVE;24/04/2022 14:28:52;25/04/2022 23:59:59
19138995156;p-svmobi-gamebar-c-01;04/05/2022 20:48:33;8685122;INACTIVE;24/04/2022 11:44:56;03/05/2022 23:59:59
19138995240;p-svmobi-gamebar-c-01;04/05/2022 20:48:33;36632508;INACTIVE;24/04/2022 11:45:40;01/05/2022 23:59:59
19139134935;p-svmobi-gamebar-c-01;24/04/2022 15:39:31;41036668;INACTIVE;24/04/2022 14:22:31;24/04/2022 15:39:31
19139210032;p-svmobi-gamebar-c-01;04/05/2022 20:48:34;28571403;INACTIVE;24/04/2022 14:22:21;05/05/2022 23:59:59
19139210076;p-svmobi-gamebar-c-01;04/05/2022 20:48:34;3455767;INACTIVE;24/04/2022 14:23:19;26/04/2022 23:59:59
19139209677;p-svmobi-gamebar-c-01;04/05/2022 20:48:34;36219380;INACTIVE;24/04/2022 14:16:35;02/05/2022 23:59:59
19139105635;p-svmobi-gamebar-c-01;04/05/2022 20:48:33;30470672;INACTIVE;24/04/2022 10:43:44;05/05/2022 23:59:59
19139105678;p-svmobi-gamebar-c-01;04/05/2022 20:48:33;40829980;INACTIVE;24/04/2022 10:44:45;25/04/2022 23:59:59
15306344781;p-svmobi-gamebar-c-01;06/05/2022 01:42:10;47196386;INACTIVE;11/04/2021 20:06:05;04/04/2022 23:59:59
19139071524;p-svmobi-gamebar-c-01;04/05/2022 20:48:33;18696872;INACTIVE;24/04/2022 03:51:21;25/04/2022 23:59:59
19139071762;p-svmobi-gamebar-c-01;04/05/2022 20:48:33;36074860;INACTIVE;24/04/2022 04:01:53;05/05/2022 23:59:59
19139072348;p-svmobi-gamebar-c-01;25/04/2022 10:23:34;38467672;INACTIVE;24/04/2022 05:40:41;25/04/2022 10:23:34
19138995241;p-svmobi-gamebar-c-01;04/05/2022 20:48:33;11903632;INACTIVE;24/04/2022 11:45:41;05/05/2022 23:59:59
19139009541;p-svmobi-gamebar-c-01;04/05/2022 20:48:33;33042945;INACTIVE;24/04/2022 14:15:58;25/04/2022 23:59:59
19139009097;p-svmobi-gamebar-c-01;04/05/2022 20:48:33;47197239;INACTIVE;24/04/2022 14:11:22;25/04/2022 23:59:59
19139209681;p-svmobi-gamebar-c-01;04/05/2022 20:48:34;13925368;INACTIVE;24/04/2022 14:16:38;04/05/2022 23:59:59
19138991929;p-svmobi-gamebar-c-01;04/05/2022 20:48:33;12955065;INACTIVE;24/04/2022 10:51:11;29/04/2022 23:59:59
14802873707;p-svmobi-gamebar-c-01;05/05/2022 15:36:19;6139874;INACTIVE;22/02/2021 14:27:52;05/05/2022 15:36:19
15688879925;p-svmobi-gamebar-c-01;04/05/2022 01:44:40;49670875;INACTIVE;06/05/2021 21:23:34;02/04/2022 23:59:59
15376047959;p-svmobi-gamebar-c-01;02/05/2022 01:45:22;29272592;INACTIVE;18/04/2021 17:15:20;31/03/2022 23:59:59
14483060811;p-svmobi-gamebar-c-01;03/05/2022 01:33:16;2913454;INACTIVE;20/01/2021 06:14:33;01/04/2022 23:59:59
15623695527;p-svmobi-gamebar-c-01;15/05/2022 02:02:56;5930753;INACTIVE;04/05/2021 06:26:19;13/04/2022 23:59:59
19147640525;p-svmobi-gamebar-c-01;17/05/2022 18:26:54;53254300;INACTIVE;17/05/2022 10:16:32;18/05/2022 23:59:59
19147639768;p-svmobi-gamebar-c-01;17/05/2022 18:26:53;33330261;INACTIVE;17/05/2022 10:11:17;18/05/2022 23:59:59
19147649094;p-svmobi-gamebar-c-01;17/05/2022 18:26:54;25330730;INACTIVE;17/05/2022 11:18:56;18/05/2022 23:59:59
19147649235;p-svmobi-gamebar-c-01;17/05/2022 18:26:54;15253743;INACTIVE;17/05/2022 11:21:01;18/05/2022 23:59:59
19147649730;p-svmobi-gamebar-c-01;17/05/2022 18:26:54;2296747;INACTIVE;17/05/2022 11:26:54;18/05/2022 23:59:59
19147640442;p-svmobi-gamebar-c-01;17/05/2022 18:26:54;7679688;INACTIVE;17/05/2022 10:16:10;18/05/2022 23:59:59
19147655727;p-svmobi-gamebar-c-01;17/05/2022 13:16:55;732781;INACTIVE;17/05/2022 12:12:15;17/05/2022 13:16:55
19147657448;p-svmobi-gamebar-c-01;17/05/2022 18:26:54;6148822;INACTIVE;17/05/2022 12:27:19;18/05/2022 23:59:59
19147651734;p-svmobi-gamebar-c-01;17/05/2022 18:26:54;55764;INACTIVE;17/05/2022 11:40:32;18/05/2022 23:59:59
19147652270;p-svmobi-gamebar-c-01;17/05/2022 18:26:54;25029912;INACTIVE;17/05/2022 11:46:35;18/05/2022 23:59:59
19147639732;p-svmobi-gamebar-c-01;17/05/2022 18:26:53;11403262;INACTIVE;17/05/2022 10:10:57;18/05/2022 23:59:59
12094409357;p-svmobi-gamebar-c-01;19/05/2022 01:53:52;34922176;INACTIVE;29/07/2020 03:27:36;17/04/2022 23:59:59
19147655343;p-svmobi-gamebar-c-01;17/05/2022 18:26:54;13719368;INACTIVE;17/05/2022 12:07:20;18/05/2022 23:59:59
19147500319;p-svmobi-gamebar-c-01;17/05/2022 06:26:26;405494;INACTIVE;17/05/2022 03:45:30;17/05/2022 06:26:26
19147651228;p-svmobi-gamebar-c-01;17/05/2022 18:26:54;22773471;INACTIVE;17/05/2022 11:36:28;18/05/2022 23:59:59
19147410673;p-svmobi-gamebar-c-01;17/05/2022 18:26:53;35279842;INACTIVE;16/05/2022 15:58:41;17/05/2022 23:59:59
19147410757;p-svmobi-gamebar-c-01;17/05/2022 18:26:53;9800276;INACTIVE;16/05/2022 16:00:09;17/05/2022 23:59:59
19147635444;p-svmobi-gamebar-c-01;17/05/2022 18:26:53;1137905;INACTIVE;17/05/2022 09:37:41;18/05/2022 23:59:59
19147625990;p-svmobi-gamebar-c-01;17/05/2022 18:26:53;25471063;INACTIVE;17/05/2022 08:36:40;18/05/2022 23:59:59
19147623694;p-svmobi-gamebar-c-01;17/05/2022 18:26:53;23079873;INACTIVE;17/05/2022 08:31:23;18/05/2022 23:59:59
19147635476;p-svmobi-gamebar-c-01;17/05/2022 18:26:53;4260739;INACTIVE;17/05/2022 09:37:57;18/05/2022 23:59:59
14388703153;p-svmobi-gamebar-c-01;19/04/2022 18:31:59;12795022;INACTIVE;10/01/2021 14:29:24;17/03/2022 23:59:59
19147649293;p-svmobi-gamebar-c-01;17/05/2022 18:26:54;12382070;INACTIVE;17/05/2022 11:21:36;18/05/2022 23:59:59
19147500269;p-svmobi-gamebar-c-01;17/05/2022 18:26:53;32572924;INACTIVE;17/05/2022 03:44:47;18/05/2022 23:59:59
19147287671;p-svmobi-gamebar-c-01;17/05/2022 18:26:52;39470692;INACTIVE;16/05/2022 12:32:26;18/05/2022 23:59:59
19147410811;p-svmobi-gamebar-c-01;16/05/2022 17:02:58;18023760;INACTIVE;16/05/2022 16:00:53;16/05/2022 17:02:58
19147410807;p-svmobi-gamebar-c-01;17/05/2022 18:26:53;29559466;INACTIVE;16/05/2022 16:00:50;17/05/2022 23:59:59
19147410777;p-svmobi-gamebar-c-01;17/05/2022 18:26:53;48187836;INACTIVE;16/05/2022 16:00:26;17/05/2022 23:59:59
14334918129;p-svmobi-gamebar-c-01;22/05/2022 02:05:08;8982363;INACTIVE;05/01/2021 07:31:33;20/04/2022 23:59:59
14530161366;p-svmobi-gamebar-c-01;07/05/2022 02:17:52;2089586;INACTIVE;24/01/2021 22:18:17;05/04/2022 23:59:59
15152151825;p-svmobi-gamebar-c-01;27/04/2022 02:16:40;17838718;INACTIVE;29/03/2021 08:21:52;26/03/2022 23:59:59
15755856693;p-svmobi-gamebar-c-01;01/04/2022 12:16:57;37471724;INACTIVE;10/05/2021 05:28:00;01/04/2022 12:16:57
14470902623;p-svmobi-gamebar-c-01;02/05/2022 01:36:09;4852596;INACTIVE;18/01/2021 20:44:27;31/03/2022 23:59:59
15569608727;p-svmobi-gamebar-c-01;04/05/2022 12:53:22;41918768;INACTIVE;01/05/2021 19:33:05;04/05/2022 12:53:21
19138452522;p-svmobi-gamebar-c-01;22/04/2022 11:16:28;57638304;INACTIVE;22/04/2022 10:56:10;22/04/2022 11:16:28
19138046153;p-svmobi-gamebar-c-01;11/05/2022 11:35:22;44231777;INACTIVE;21/04/2022 04:51:07;11/05/2022 11:35:22
19138449534;p-svmobi-gamebar-c-01;23/04/2022 22:52:20;44889461;INACTIVE;22/04/2022 10:26:00;23/04/2022 22:52:20
19138094876;p-svmobi-gamebar-c-01;21/04/2022 13:24:55;2706938;INACTIVE;21/04/2022 12:16:23;21/04/2022 13:24:55
19138053918;p-svmobi-gamebar-c-01;01/05/2022 08:14:44;55869061;INACTIVE;21/04/2022 07:46:35;01/05/2022 08:14:44
19138054914;p-svmobi-gamebar-c-01;28/04/2022 15:32:24;46865524;INACTIVE;21/04/2022 08:06:23;28/04/2022 15:32:24
19138307424;p-svmobi-gamebar-c-01;24/04/2022 01:43:58;38644793;INACTIVE;22/04/2022 03:39:22;24/04/2022 01:43:58
19138307549;p-svmobi-gamebar-c-01;23/04/2022 16:12:20;4059994;INACTIVE;22/04/2022 03:43:50;23/04/2022 16:12:20
19137846526;p-svmobi-gamebar-c-01;23/05/2022 04:32:13;49160662;INACTIVE;20/04/2022 13:59:26;21/04/2022 23:59:59
15632928140;p-svmobi-gamebar-c-01;30/04/2022 02:24:21;9926512;INACTIVE;04/05/2021 12:52:53;29/03/2022 23:59:59
19137435472;p-svmobi-gamebar-c-01;22/05/2022 03:51:25;51305625;INACTIVE;19/04/2022 10:02:37;20/04/2022 23:59:59
19137684908;p-svmobi-gamebar-c-01;20/04/2022 03:57:44;33157202;INACTIVE;20/04/2022 03:56:42;20/04/2022 03:57:44
19137435482;p-svmobi-gamebar-c-01;04/05/2022 16:47:49;42794954;INACTIVE;19/04/2022 10:02:42;04/05/2022 16:47:49
15741270019;p-svmobi-gamebar-c-01;02/05/2022 01:36:43;55523142;INACTIVE;09/05/2021 04:11:44;31/03/2022 23:59:59
15566605185;p-svmobi-gamebar-c-01;04/05/2022 01:37:47;20706897;INACTIVE;01/05/2021 16:06:11;02/04/2022 23:59:59
14604196278;p-svmobi-gamebar-c-01;19/04/2022 02:32:52;24477481;INACTIVE;01/02/2021 15:20:15;18/03/2022 23:59:59
19139366386;p-svmobi-gamebar-c-01;26/04/2022 22:25:23;9682861;INACTIVE;25/04/2022 09:52:54;26/04/2022 22:25:23
19139377519;p-svmobi-gamebar-c-01;26/04/2022 08:55:57;10840793;INACTIVE;25/04/2022 10:46:25;26/04/2022 08:55:57
19139378550;p-svmobi-gamebar-c-01;05/05/2022 08:12:07;8449757;INACTIVE;25/04/2022 10:50:00;05/05/2022 08:12:07
19139380867;p-svmobi-gamebar-c-01;25/04/2022 18:24:08;24733793;INACTIVE;25/04/2022 10:56:09;25/04/2022 18:24:08
15740633110;p-svmobi-gamebar-c-01;01/05/2022 02:08:48;37207634;INACTIVE;09/05/2021 02:26:23;30/03/2022 23:59:59
14936046914;p-svmobi-gamebar-c-01;04/05/2022 01:49:44;7198661;INACTIVE;08/03/2021 15:08:33;02/04/2022 23:59:59
19139398774;p-svmobi-gamebar-c-01;25/04/2022 12:47:59;35586400;INACTIVE;25/04/2022 12:47:14;25/04/2022 12:47:59
19147735177;p-svmobi-gamebar-c-01;17/05/2022 18:26:57;48421467;INACTIVE;17/05/2022 12:33:06;18/05/2022 23:59:59
19147720053;p-svmobi-gamebar-c-01;17/05/2022 18:26:56;3039560;INACTIVE;17/05/2022 11:19:28;18/05/2022 23:59:59
19147731312;p-svmobi-gamebar-c-01;17/05/2022 18:26:57;10370847;INACTIVE;17/05/2022 12:17:17;18/05/2022 23:59:59
19147725290;p-svmobi-gamebar-c-01;17/05/2022 18:26:56;7085205;INACTIVE;17/05/2022 11:49:47;18/05/2022 23:59:59
19147739180;p-svmobi-gamebar-c-01;17/05/2022 18:26:57;30683430;INACTIVE;17/05/2022 12:57:44;18/05/2022 23:59:59
19147739216;p-svmobi-gamebar-c-01;17/05/2022 18:26:57;2363070;INACTIVE;17/05/2022 12:58:12;18/05/2022 23:59:59
19147733432;p-svmobi-gamebar-c-01;17/05/2022 18:26:57;12852399;INACTIVE;17/05/2022 12:21:37;18/05/2022 23:59:59
19147737271;p-svmobi-gamebar-c-01;17/05/2022 12:43:25;13489138;INACTIVE;17/05/2022 12:41:31;17/05/2022 12:43:25
19147737748;p-svmobi-gamebar-c-01;17/05/2022 18:26:57;5154752;INACTIVE;17/05/2022 12:47:19;18/05/2022 23:59:59
19139394122;p-svmobi-gamebar-c-01;25/04/2022 12:03:49;40644736;INACTIVE;25/04/2022 12:02:09;25/04/2022 12:03:49
19147400295;p-svmobi-gamebar-c-01;17/05/2022 18:26:53;23685655;INACTIVE;16/05/2022 15:59:59;17/05/2022 23:59:59
19147400357;p-svmobi-gamebar-c-01;16/05/2022 16:02:03;11789969;INACTIVE;16/05/2022 16:00:52;16/05/2022 16:02:03
19147725902;p-svmobi-gamebar-c-01;17/05/2022 18:26:56;34452013;INACTIVE;17/05/2022 11:51:48;18/05/2022 23:59:59
19147730074;p-svmobi-gamebar-c-01;17/05/2022 18:26:56;270868;INACTIVE;17/05/2022 12:11:05;18/05/2022 23:59:59
19147737224;p-svmobi-gamebar-c-01;17/05/2022 18:26:57;20154082;INACTIVE;17/05/2022 12:40:59;18/05/2022 23:59:59
19147728991;p-svmobi-gamebar-c-01;17/05/2022 18:26:56;10544262;INACTIVE;17/05/2022 12:05:49;18/05/2022 23:59:59
19147735045;p-svmobi-gamebar-c-01;17/05/2022 18:26:57;45798368;INACTIVE;17/05/2022 12:32:14;18/05/2022 23:59:59
19147720159;p-svmobi-gamebar-c-01;17/05/2022 18:26:56;398068;INACTIVE;17/05/2022 11:20:23;18/05/2022 23:59:59
19147733535;p-svmobi-gamebar-c-01;17/05/2022 18:26:57;54885940;INACTIVE;17/05/2022 12:22:07;18/05/2022 23:59:59
19147728139;p-svmobi-gamebar-c-01;17/05/2022 18:26:56;9671647;INACTIVE;17/05/2022 12:03:02;18/05/2022 23:59:59
19147737815;p-svmobi-gamebar-c-01;17/05/2022 18:26:57;10477309;INACTIVE;17/05/2022 12:47:55;18/05/2022 23:59:59
19147380998;p-svmobi-gamebar-c-01;17/05/2022 18:26:53;43365921;INACTIVE;16/05/2022 12:32:13;17/05/2022 23:59:59
19147735015;p-svmobi-gamebar-c-01;17/05/2022 18:26:57;46503152;INACTIVE;17/05/2022 12:31:59;18/05/2022 23:59:59
19147725731;p-svmobi-gamebar-c-01;17/05/2022 18:26:56;43178169;INACTIVE;17/05/2022 11:50:43;18/05/2022 23:59:59
19147735140;p-svmobi-gamebar-c-01;17/05/2022 18:26:57;40849877;INACTIVE;17/05/2022 12:32:50;18/05/2022 23:59:59
19147733394;p-svmobi-gamebar-c-01;17/05/2022 18:26:57;36500399;INACTIVE;17/05/2022 12:21:23;18/05/2022 23:59:59
19147731283;p-svmobi-gamebar-c-01;17/05/2022 18:26:57;50714050;INACTIVE;17/05/2022 12:17:05;18/05/2022 23:59:59
19147731320;p-svmobi-gamebar-c-01;17/05/2022 12:19:46;11615498;INACTIVE;17/05/2022 12:17:21;17/05/2022 12:19:46
19147735065;p-svmobi-gamebar-c-01;17/05/2022 18:26:57;42202878;INACTIVE;17/05/2022 12:32:20;18/05/2022 23:59:59
19147724900;p-svmobi-gamebar-c-01;17/05/2022 18:26:56;38882429;INACTIVE;17/05/2022 11:46:51;18/05/2022 23:59:59
19147711570;p-svmobi-gamebar-c-01;17/05/2022 18:26:56;10161323;INACTIVE;17/05/2022 10:11:50;18/05/2022 23:59:59
19147724658;p-svmobi-gamebar-c-01;17/05/2022 18:26:56;26722241;INACTIVE;17/05/2022 11:45:31;18/05/2022 23:59:59
19147400439;p-svmobi-gamebar-c-01;17/05/2022 18:26:53;57961308;INACTIVE;16/05/2022 16:01:06;17/05/2022 23:59:59
19147400475;p-svmobi-gamebar-c-01;16/05/2022 17:09:14;20600330;INACTIVE;16/05/2022 16:01:16;16/05/2022 17:09:14
19147735024;p-svmobi-gamebar-c-01;17/05/2022 18:26:57;31309263;INACTIVE;17/05/2022 12:32:03;18/05/2022 23:59:59
19147735074;p-svmobi-gamebar-c-01;17/05/2022 18:26:57;3980967;INACTIVE;17/05/2022 12:32:23;18/05/2022 23:59:59
19147735169;p-svmobi-gamebar-c-01;17/05/2022 18:26:57;10758775;INACTIVE;17/05/2022 12:33:02;18/05/2022 23:59:59
19147584038;p-svmobi-gamebar-c-01;17/05/2022 18:26:53;24833082;INACTIVE;17/05/2022 03:42:02;18/05/2022 23:59:59
19147584040;p-svmobi-gamebar-c-01;17/05/2022 18:26:53;46262862;INACTIVE;17/05/2022 03:42:04;18/05/2022 23:59:59
19147380422;p-svmobi-gamebar-c-01;17/05/2022 18:26:53;57958463;INACTIVE;16/05/2022 12:27:56;18/05/2022 23:59:59
19147723309;p-svmobi-gamebar-c-01;17/05/2022 11:38:48;15421124;INACTIVE;17/05/2022 11:37:42;17/05/2022 11:38:48
19139406835;p-svmobi-gamebar-c-01;25/04/2022 14:06:31;8376888;INACTIVE;25/04/2022 13:50:56;25/04/2022 14:06:31
19137995427;p-svmobi-gamebar-c-01;21/04/2022 07:46:23;4789933;INACTIVE;21/04/2022 07:45:09;21/04/2022 07:46:23
12106355878;p-svmobi-gamebar-c-01;09/05/2022 01:37:30;30689477;INACTIVE;29/07/2020 17:37:58;07/04/2022 23:59:59
14628698433;p-svmobi-gamebar-c-01;05/04/2022 01:43:28;37198319;INACTIVE;04/02/2021 05:25:28;04/03/2022 23:59:59
19137986632;p-svmobi-gamebar-c-01;21/04/2022 06:44:26;45271909;INACTIVE;21/04/2022 04:46:26;21/04/2022 06:44:26
19139459446;p-svmobi-worldforher-c-01;25/04/2022 13:47:30;42489685;INACTIVE;25/04/2022 13:45:04;25/04/2022 13:47:30
11393822351;p-svmobi-worldforher-c-01;26/04/2022 06:15:12;25409342;INACTIVE;18/06/2020 11:39:13;25/03/2022 23:59:59
15674684077;p-svmobi-worldforher-c-01;05/05/2022 01:38:51;52356558;INACTIVE;05/05/2021 20:55:51;03/04/2022 23:59:59
14489812073;p-svmobi-worldforher-c-01;28/04/2022 14:07:11;39249858;INACTIVE;20/01/2021 18:36:00;28/04/2022 14:07:11
14968218635;p-svmobi-worldforher-c-01;20/04/2022 08:27:13;48350125;INACTIVE;11/03/2021 23:43:04;20/04/2022 08:27:13
14098683478;p-svmobi-worldforher-c-01;05/05/2022 01:36:35;24404513;INACTIVE;12/12/2020 18:24:52;03/04/2022 23:59:59
15270135535;p-svmobi-worldforher-c-01;14/04/2022 01:50:16;11775204;INACTIVE;08/04/2021 04:51:54;13/03/2022 23:59:59
14392482599;p-svmobi-worldforher-c-01;05/04/2022 10:27:54;3896043;INACTIVE;10/01/2021 22:12:02;05/04/2022 10:27:54
11076955079;p-svmobi-worldforher-c-01;12/05/2022 08:30:03;44572045;INACTIVE;28/05/2020 11:57:02;12/05/2022 08:30:03
19147666606;p-svmobi-worldforher-c-01;17/05/2022 18:26:55;16658184;INACTIVE;17/05/2022 14:11:49;18/05/2022 23:59:59
19147665577;p-svmobi-worldforher-c-01;17/05/2022 18:26:55;28480780;INACTIVE;17/05/2022 13:57:29;18/05/2022 23:59:59
19147665775;p-svmobi-worldforher-c-01;17/05/2022 18:26:55;23308923;INACTIVE;17/05/2022 14:00:45;18/05/2022 23:59:59
19147658828;p-svmobi-worldforher-c-01;17/05/2022 18:26:55;44790267;INACTIVE;17/05/2022 12:42:02;18/05/2022 23:59:59
19147664966;p-svmobi-worldforher-c-01;17/05/2022 13:52:49;25304741;INACTIVE;17/05/2022 13:50:42;17/05/2022 13:52:49
19147665107;p-svmobi-worldforher-c-01;17/05/2022 18:26:55;27548915;INACTIVE;17/05/2022 13:51:48;18/05/2022 23:59:59
19147666321;p-svmobi-worldforher-c-01;17/05/2022 18:26:55;19891520;INACTIVE;17/05/2022 14:06:22;18/05/2022 23:59:59
19147652287;p-svmobi-worldforher-c-01;17/05/2022 18:26:54;27261056;INACTIVE;17/05/2022 11:46:48;18/05/2022 23:59:59
19147660857;p-svmobi-worldforher-c-01;17/05/2022 18:26:55;4673067;INACTIVE;17/05/2022 13:11:57;18/05/2022 23:59:59
19147660177;p-svmobi-worldforher-c-01;17/05/2022 14:49:47;17897043;INACTIVE;17/05/2022 13:04:27;17/05/2022 14:49:47
14588072740;p-svmobi-worldforher-c-01;28/04/2022 12:32:48;55733078;INACTIVE;30/01/2021 19:39:10;28/04/2022 12:32:48
14389613156;p-svmobi-worldforher-c-01;20/04/2022 03:11:58;34380880;INACTIVE;10/01/2021 16:07:29;19/03/2022 23:59:59
19147664473;p-svmobi-worldforher-c-01;17/05/2022 18:26:55;35260847;INACTIVE;17/05/2022 13:44:24;18/05/2022 23:59:59
14362105919;p-svmobi-worldforher-c-01;07/05/2022 01:44:30;49806865;INACTIVE;07/01/2021 19:30:54;05/04/2022 23:59:59
14227321482;p-svmobi-worldforher-c-01;15/04/2022 04:32:00;2321696;INACTIVE;25/12/2020 14:05:37;14/03/2022 23:59:59
19147659545;p-svmobi-worldforher-c-01;17/05/2022 18:26:55;618317;INACTIVE;17/05/2022 12:51:18;18/05/2022 23:59:59
19147659783;p-svmobi-worldforher-c-01;17/05/2022 18:26:55;31384630;INACTIVE;17/05/2022 12:55:55;18/05/2022 23:59:59
19147657289;p-svmobi-worldforher-c-01;17/05/2022 18:26:54;4304514;INACTIVE;17/05/2022 12:24:57;18/05/2022 23:59:59
19147657360;p-svmobi-worldforher-c-01;17/05/2022 18:26:54;20218974;INACTIVE;17/05/2022 12:26:00;18/05/2022 23:59:59
19147664225;p-svmobi-worldforher-c-01;17/05/2022 18:26:55;2111468;INACTIVE;17/05/2022 13:41:05;18/05/2022 23:59:59
19147664350;p-svmobi-worldforher-c-01;17/05/2022 18:26:55;50094723;INACTIVE;17/05/2022 13:42:25;18/05/2022 23:59:59
15316746295;p-svmobi-worldforher-c-01;06/04/2022 01:49:30;11997704;INACTIVE;12/04/2021 20:26:20;05/03/2022 23:59:59
14433800680;p-svmobi-worldforher-c-01;21/03/2022 01:28:55;41519647;INACTIVE;15/01/2021 08:05:08;21/03/2022 01:28:55
15546030815;p-svmobi-worldforher-c-01;08/05/2022 01:56:46;5699853;INACTIVE;30/04/2021 06:30:37;06/04/2022 23:59:59
15637910470;p-svmobi-worldforher-c-01;14/03/2022 17:17:44;32610715;INACTIVE;04/05/2021 18:40:58;14/03/2022 17:17:44
15252932739;p-svmobi-worldforher-c-01;02/05/2022 01:36:12;48551568;INACTIVE;06/04/2021 14:02:47;31/03/2022 23:59:59
13767015077;p-svmobi-worldforher-c-01;09/05/2022 01:50:17;54031838;INACTIVE;12/11/2020 20:11:50;07/04/2022 23:59:59
11040110597;p-svmobi-worldforher-c-01;09/04/2022 08:10:32;24079556;INACTIVE;25/05/2020 22:58:15;09/04/2022 08:10:32
19140839781;p-svmobi-worldforher-c-01;29/04/2022 16:15:38;52539811;INACTIVE;29/04/2022 16:07:11;29/04/2022 16:15:38
19140839790;p-svmobi-worldforher-c-01;29/04/2022 16:09:28;42316213;INACTIVE;29/04/2022 16:07:15;29/04/2022 16:09:28
19139407420;p-svmobi-worldforher-c-01;18/05/2022 13:51:03;3749780;INACTIVE;25/04/2022 13:56:25;18/05/2022 13:51:03
19139394909;p-svmobi-worldforher-c-01;10/05/2022 09:54:55;43074627;INACTIVE;25/04/2022 12:10:35;10/05/2022 09:54:55
14348656034;p-svmobi-worldforher-c-01;06/04/2022 05:00:32;12442957;INACTIVE;06/01/2021 12:13:53;05/03/2022 23:59:59
19147743499;p-svmobi-worldforher-c-01;17/05/2022 18:26:58;39564543;INACTIVE;17/05/2022 13:41:20;18/05/2022 23:59:59
19147741217;p-svmobi-worldforher-c-01;17/05/2022 18:26:58;34495277;INACTIVE;17/05/2022 13:21:39;18/05/2022 23:59:59
19147740917;p-svmobi-worldforher-c-01;17/05/2022 18:26:58;36978190;INACTIVE;17/05/2022 13:16:37;18/05/2022 23:59:59
19147741012;p-svmobi-worldforher-c-01;17/05/2022 18:26:58;18288178;INACTIVE;17/05/2022 13:17:43;18/05/2022 23:59:59
19147735235;p-svmobi-worldforher-c-01;17/05/2022 18:26:57;13702855;INACTIVE;17/05/2022 12:33:32;18/05/2022 23:59:59
19147743471;p-svmobi-worldforher-c-01;17/05/2022 18:26:58;22263093;INACTIVE;17/05/2022 13:40:59;18/05/2022 23:59:59
19147740924;p-svmobi-worldforher-c-01;17/05/2022 13:22:18;23566112;INACTIVE;17/05/2022 13:16:44;17/05/2022 13:22:18
19147727777;p-svmobi-worldforher-c-01;17/05/2022 18:26:56;15395491;INACTIVE;17/05/2022 12:02:14;18/05/2022 23:59:59
19147740865;p-svmobi-worldforher-c-01;17/05/2022 18:26:58;10172070;INACTIVE;17/05/2022 13:15:58;18/05/2022 23:59:59
19147733445;p-svmobi-worldforher-c-01;17/05/2022 18:26:57;27668389;INACTIVE;17/05/2022 12:21:42;18/05/2022 23:59:59
19147737318;p-svmobi-worldforher-c-01;17/05/2022 18:26:57;49394257;INACTIVE;17/05/2022 12:42:02;18/05/2022 23:59:59
19147724725;p-svmobi-worldforher-c-01;17/05/2022 18:26:56;18855245;INACTIVE;17/05/2022 11:45:56;18/05/2022 23:59:59
19147742840;p-svmobi-worldforher-c-01;17/05/2022 18:26:58;15518461;INACTIVE;17/05/2022 13:36:25;18/05/2022 23:59:59
19147729327;p-svmobi-worldforher-c-01;17/05/2022 18:26:56;41006015;INACTIVE;17/05/2022 12:07:07;18/05/2022 23:59:59
19147737308;p-svmobi-worldforher-c-01;17/05/2022 18:26:57;23699405;INACTIVE;17/05/2022 12:41:59;18/05/2022 23:59:59
19147737732;p-svmobi-worldforher-c-01;17/05/2022 18:26:57;28502818;INACTIVE;17/05/2022 12:47:06;18/05/2022 23:59:59
19147745025;p-svmobi-worldforher-c-01;17/05/2022 18:26:58;26198580;INACTIVE;17/05/2022 14:00:47;18/05/2022 23:59:59
19147745052;p-svmobi-worldforher-c-01;17/05/2022 18:26:58;39086173;INACTIVE;17/05/2022 14:01:01;18/05/2022 23:59:59
19147745079;p-svmobi-worldforher-c-01;17/05/2022 18:26:58;458815;INACTIVE;17/05/2022 14:01:16;18/05/2022 23:59:59
19147728980;p-svmobi-worldforher-c-01;17/05/2022 18:26:56;39336508;INACTIVE;17/05/2022 12:05:47;18/05/2022 23:59:59
19147735279;p-svmobi-worldforher-c-01;17/05/2022 14:04:37;47887313;INACTIVE;17/05/2022 12:33:52;17/05/2022 14:04:37
19147735615;p-svmobi-worldforher-c-01;17/05/2022 18:26:57;12075196;INACTIVE;17/05/2022 12:36:12;18/05/2022 23:59:59
19147742855;p-svmobi-worldforher-c-01;17/05/2022 18:26:58;3353964;INACTIVE;17/05/2022 13:36:37;18/05/2022 23:59:59
19147745904;p-svmobi-worldforher-c-01;17/05/2022 14:42:06;31210470;INACTIVE;17/05/2022 14:10:38;17/05/2022 14:42:06
19147745942;p-svmobi-worldforher-c-01;17/05/2022 18:26:58;14449431;INACTIVE;17/05/2022 14:11:08;18/05/2022 23:59:59
19147726566;p-svmobi-worldforher-c-01;17/05/2022 18:26:56;350904;INACTIVE;17/05/2022 11:56:59;18/05/2022 23:59:59
19147731239;p-svmobi-worldforher-c-01;17/05/2022 18:26:56;28139362;INACTIVE;17/05/2022 12:16:53;18/05/2022 23:59:59
19147741492;p-svmobi-worldforher-c-01;17/05/2022 14:23:50;11627391;INACTIVE;17/05/2022 13:26:38;17/05/2022 14:23:50
19147742115;p-svmobi-worldforher-c-01;17/05/2022 18:26:58;38542586;INACTIVE;17/05/2022 13:30:03;18/05/2022 23:59:59
19147744364;p-svmobi-worldforher-c-01;17/05/2022 18:26:58;47469333;INACTIVE;17/05/2022 13:50:59;18/05/2022 23:59:59
19147744389;p-svmobi-worldforher-c-01;17/05/2022 18:26:58;2659288;INACTIVE;17/05/2022 13:51:17;18/05/2022 23:59:59
19147737801;p-svmobi-worldforher-c-01;17/05/2022 18:26:57;43463108;INACTIVE;17/05/2022 12:47:48;18/05/2022 23:59:59
19147741538;p-svmobi-worldforher-c-01;17/05/2022 18:26:58;37610036;INACTIVE;17/05/2022 13:26:51;18/05/2022 23:59:59
19147745431;p-svmobi-worldforher-c-01;17/05/2022 18:26:58;41883669;INACTIVE;17/05/2022 14:02:02;18/05/2022 23:59:59
19147735612;p-svmobi-worldforher-c-01;17/05/2022 18:26:57;8000157;INACTIVE;17/05/2022 12:36:11;18/05/2022 23:59:59
19147729110;p-svmobi-worldforher-c-01;17/05/2022 18:26:56;6253193;INACTIVE;17/05/2022 12:06:20;18/05/2022 23:59:59
19147727412;p-svmobi-worldforher-c-01;17/05/2022 18:26:56;34319520;INACTIVE;17/05/2022 12:01:47;18/05/2022 23:59:59
19147744401;p-svmobi-worldforher-c-01;17/05/2022 18:26:58;27329102;INACTIVE;17/05/2022 13:51:26;18/05/2022 23:59:59
19147726642;p-svmobi-worldforher-c-01;17/05/2022 16:10:00;7494766;INACTIVE;17/05/2022 11:57:27;17/05/2022 16:10:00
19133511766;p-svmobi-worldforher-c-01;11/05/2022 04:03:15;14944436;INACTIVE;08/04/2022 11:30:45;09/04/2022 23:59:59
19133843806;p-svmobi-worldforher-c-01;17/05/2022 03:56:36;21560099;INACTIVE;09/04/2022 09:20:17;15/04/2022 23:59:59
15738549909;p-svmobi-worldforher-c-01;16/03/2022 09:54:30;20572990;INACTIVE;08/05/2021 20:15:45;16/03/2022 09:54:30
15380976804;p-svmobi-worldforher-c-01;13/03/2022 18:08:23;42502965;INACTIVE;19/04/2021 06:54:53;13/03/2022 18:08:23
12356303192;p-svmobi-worldforher-c-01;19/04/2022 18:21:09;47290517;INACTIVE;12/08/2020 20:46:43;17/03/2022 23:59:59
